fips,county,state,vet2015,vet2016
1001,Autauga,AL,5937,5949
1003,Baldwin,AL,20100,20085
1005,Barbour,AL,1828,1792
1007,Bibb,AL,1261,1233
1009,Blount,AL,4018,4011
1011,Bullock,AL,507,494
1013,Butler,AL,1505,1483
1015,Calhoun,AL,10990,10910
1017,Chambers,AL,2490,2463
1019,Cherokee,AL,1888,1868
1021,Chilton,AL,2924,2891
1023,Choctaw,AL,858,841
1025,Clarke,AL,1653,1616
1027,Clay,AL,1164,1152
1029,Cleburne,AL,906,894
1031,Coffee,AL,7007,7110
1033,Colbert,AL,4004,3926
1035,Conecuh,AL,939,922
1037,Coosa,AL,911,896
1039,Covington,AL,3271,3237
1041,Crenshaw,AL,1035,1016
1043,Cullman,AL,5990,5926
1045,Dale,AL,6925,6978
1047,Dallas,AL,2631,2595
1049,De Kalb,AL,3775,3725
1051,Elmore,AL,8042,8025
1053,Escambia,AL,2731,2705
1055,Etowah,AL,7640,7513
1057,Fayette,AL,1313,1280
1059,Franklin,AL,1545,1529
1061,Geneva,AL,2590,2575
1063,Greene,AL,510,500
1065,Hale,AL,905,883
1067,Henry,AL,1355,1332
1069,Houston,AL,9760,9677
1071,Jackson,AL,3579,3519
1073,Jefferson,AL,43000,41918
1075,Lamar,AL,992,966
1077,Lauderdale,AL,7403,7284
1079,Lawrence,AL,1836,1824
1081,Lee,AL,11145,11129
1083,Limestone,AL,7135,7182
1085,Lowndes,AL,698,698
1087,Macon,AL,1489,1460
1089,Madison,AL,35679,35780
1091,Marengo,AL,1273,1253
1093,Marion,AL,1972,1931
1095,Marshall,AL,7086,6986
1097,Mobile,AL,32242,31638
1099,Monroe,AL,1348,1324
1101,Montgomery,AL,19937,19650
1103,Morgan,AL,9368,9242
1105,Perry,AL,607,597
1107,Pickens,AL,1264,1235
1109,Pike,AL,2287,2270
1111,Randolph,AL,1544,1521
1113,Russell,AL,6258,6385
1115,Saint Clair,AL,6448,6484
1117,Shelby,AL,12455,12466
1119,Sumter,AL,641,632
1121,Talladega,AL,6088,6027
1123,Tallapoosa,AL,3507,3440
1125,Tuscaloosa,AL,11478,11324
1127,Walker,AL,4457,4418
1129,Washington,AL,919,923
1131,Wilcox,AL,551,541
1133,Winston,AL,1720,1685
2013,Aleutians East,AK,71,67
2016,Aleutians West,AK,155,152
2020,Anchorage,AK,29847,30063
2050,Bethel,AK,744,722
2060,Bristol Bay,AK,39,37
2068,Denali,AK,224,222
2070,Dillingham,AK,217,211
2090,Fairbanks North Star,AK,11207,11732
2100,Haines,AK,246,236
2105,Hoonah-Angoon,AK,168,161
2110,Juneau,AK,2298,2258
2122,Kenai Peninsula,AK,5378,5241
2130,Ketchikan Gateway,AK,1207,1183
2150,Kodiak Island,AK,942,970
2158,Kusilvak,AK,286,278
2164,Lake and Peninsula,AK,123,119
2170,Matanuska-Susitna,AK,10154,10194
2180,Nome,AK,470,453
2185,North Slope,AK,333,324
2188,Northwest Arctic,AK,262,253
2195,Petersburg,AK,245,236
2198,Prince of Wales-Hyder,AK,455,437
2220,Sitka,AK,554,550
2230,Skagway,AK,94,91
2240,Southeast Fairbanks,AK,899,890
2261,Valdez-Cordova,AK,750,738
2275,Wrangell,AK,252,240
2282,Yakutat,AK,63,60
2290,Yukon-Koyukuk,AK,328,316
4001,Apache,AZ,2828,2829
4003,Cochise,AZ,19606,19799
4005,Coconino,AZ,8740,8528
4007,Gila,AZ,5990,5915
4009,Graham,AZ,2063,2059
4011,Greenlee,AZ,622,627
4012,La Paz,AZ,2419,2364
4013,Maricopa,AZ,275494,269692
4015,Mohave,AZ,25350,24899
4017,Navajo,AZ,7283,7205
4019,Pima,AZ,92198,90420
4021,Pinal,AZ,34080,35212
4023,Santa Cruz,AZ,1925,1917
4025,Yavapai,AZ,27493,27254
4027,Yuma,AZ,16099,16331
5001,Arkansas,AR,1327,1290
5003,Ashley,AR,1560,1524
5005,Baxter,AR,5227,5129
5007,Benton,AR,16927,16857
5009,Boone,AR,3291,3264
5011,Bradley,AR,802,784
5013,Calhoun,AR,358,350
5015,Carroll,AR,2364,2342
5017,Chicot,AR,730,718
5019,Clark,AR,1482,1455
5021,Clay,AR,1169,1153
5023,Cleburne,AR,2822,2760
5025,Cleveland,AR,654,641
5027,Columbia,AR,1703,1654
5029,Conway,AR,1633,1612
5031,Craighead,AR,6169,6083
5033,Crawford,AR,4860,4839
5035,Crittenden,AR,3156,3114
5037,Cross,AR,1182,1156
5039,Dallas,AR,566,551
5041,Desha,AR,786,766
5043,Drew,AR,1229,1211
5045,Faulkner,AR,8873,8939
5047,Franklin,AR,1465,1440
5049,Fulton,AR,1210,1183
5051,Garland,AR,10485,10242
5053,Grant,AR,1370,1355
5055,Greene,AR,3015,2956
5057,Hempstead,AR,1413,1362
5059,Hot Spring,AR,2789,2748
5061,Howard,AR,910,886
5063,Independence,AR,2728,2683
5065,Izard,AR,1468,1438
5067,Jackson,AR,1169,1146
5069,Jefferson,AR,5453,5315
5071,Johnson,AR,1869,1834
5073,Lafayette,AR,419,408
5075,Lawrence,AR,1188,1166
5077,Lee,AR,358,348
5079,Lincoln,AR,673,662
5081,Little River,AR,1022,1005
5083,Logan,AR,1802,1765
5085,Lonoke,AR,8116,8309
5087,Madison,AR,1158,1155
5089,Marion,AR,2125,2109
5091,Miller,AR,3552,3476
5093,Mississippi,AR,2801,2750
5095,Monroe,AR,582,570
5097,Montgomery,AR,930,905
5099,Nevada,AR,724,712
5101,Newton,AR,739,707
5103,Ouachita,AR,1944,1903
5105,Perry,AR,901,885
5107,Phillips,AR,1153,1131
5109,Pike,AR,840,822
5111,Poinsett,AR,1440,1426
5113,Polk,AR,1995,1957
5115,Pope,AR,4787,4719
5117,Prairie,AR,650,634
5119,Pulaski,AR,31238,30934
5121,Randolph,AR,1346,1322
5123,Saint Francis,AR,1326,1290
5125,Saline,AR,10112,10062
5127,Scott,AR,843,827
5129,Searcy,AR,706,691
5131,Sebastian,AR,9498,9377
5133,Sevier,AR,900,886
5135,Sharp,AR,1903,1857
5137,Stone,AR,1207,1184
5139,Union,AR,3014,2945
5141,Van Buren,AR,1783,1742
5143,Washington,AR,12611,12499
5145,White,AR,5226,5223
5147,Woodruff,AR,519,504
5149,Yell,AR,1500,1471
6001,Alameda,CA,56574,53920
6003,Alpine,CA,101,98
6005,Amador,CA,4074,3919
6007,Butte,CA,16836,16375
6009,Calaveras,CA,4518,4398
6011,Colusa,CA,910,891
6013,Contra Costa,CA,53978,51832
6015,Del Norte,CA,2229,2183
6017,El Dorado,CA,15215,14726
6019,Fresno,CA,42074,40870
6021,Glenn,CA,1455,1401
6023,Humboldt,CA,9170,8907
6025,Imperial,CA,6366,6297
6027,Inyo,CA,1493,1432
6029,Kern,CA,41221,40308
6031,Kings,CA,9435,9596
6033,Lake,CA,5803,5630
6035,Lassen,CA,2284,2245
6037,Los Angeles,CA,308834,294652
6039,Madera,CA,7913,7684
6041,Marin,CA,12614,11869
6043,Mariposa,CA,1777,1727
6045,Mendocino,CA,6128,5899
6047,Merced,CA,11576,11259
6049,Modoc,CA,825,798
6051,Mono,CA,831,827
6053,Monterey,CA,19500,18881
6055,Napa,CA,9373,8935
6057,Nevada,CA,8935,8632
6059,Orange,CA,120525,115115
6061,Placer,CA,28718,28155
6063,Plumas,CA,2069,1996
6065,Riverside,CA,133099,130906
6067,Sacramento,CA,90038,87027
6069,San Benito,CA,2668,2577
6071,San Bernardino,CA,104236,102270
6073,San Diego,CA,246972,245377
6075,San Francisco,CA,25561,24199
6077,San Joaquin,CA,33131,32193
6079,San Luis Obispo,CA,18087,17481
6081,San Mateo,CA,25469,24333
6083,Santa Barbara,CA,23521,22547
6085,Santa Clara,CA,58478,55727
6087,Santa Cruz,CA,11931,11274
6089,Shasta,CA,16359,15998
6091,Sierra,CA,346,339
6093,Siskiyou,CA,4533,4402
6095,Solano,CA,36225,35589
6097,Sonoma,CA,25341,24343
6099,Stanislaus,CA,25560,24878
6101,Sutter,CA,6651,6517
6103,Tehama,CA,5255,5094
6105,Trinity,CA,1353,1320
6107,Tulare,CA,16761,16389
6109,Tuolumne,CA,4985,4841
6111,Ventura,CA,43908,42194
6113,Yolo,CA,9244,9063
6115,Yuba,CA,6795,6880
8001,Adams,CO,29316,29055
8003,Alamosa,CO,1002,990
8005,Arapahoe,CO,45364,44661
8007,Archuleta,CO,1193,1167
8009,Baca,CO,299,285
8011,Bent,CO,444,435
8013,Boulder,CO,15336,14788
8014,Broomfield,CO,4136,4089
8015,Chaffee,CO,1809,1761
8017,Cheyenne,CO,130,128
8019,Clear Creek,CO,876,856
8021,Conejos,CO,556,544
8023,Costilla,CO,388,382
8025,Crowley,CO,299,294
8027,Custer,CO,554,542
8029,Delta,CO,3136,3032
8031,Denver,CO,33833,32925
8033,Dolores,CO,157,154
8035,Douglas,CO,19967,19871
8037,Eagle,CO,1615,1575
8039,Elbert,CO,2378,2338
8041,El Paso,CO,97343,98711
8043,Fremont,CO,5422,5344
8045,Garfield,CO,2982,2939
8047,Gilpin,CO,486,476
8049,Grand,CO,820,795
8051,Gunnison,CO,849,826
8053,Hinsdale,CO,120,115
8055,Huerfano,CO,757,739
8057,Jackson,CO,121,117
8059,Jefferson,CO,40677,39483
8061,Kiowa,CO,92,89
8063,Kit Carson,CO,542,527
8065,Lake,CO,550,537
8067,La Plata,CO,3634,3593
8069,Larimer,CO,23662,23366
8071,Las Animas,CO,1371,1341
8073,Lincoln,CO,374,360
8075,Logan,CO,1595,1548
8077,Mesa,CO,12817,12624
8079,Mineral,CO,88,86
8081,Moffat,CO,851,833
8083,Montezuma,CO,2323,2265
8085,Montrose,CO,3595,3513
8087,Morgan,CO,1615,1558
8089,Otero,CO,1514,1489
8091,Ouray,CO,413,402
8093,Park,CO,1727,1678
8095,Phillips,CO,348,334
8097,Pitkin,CO,692,671
8099,Prowers,CO,736,713
8101,Pueblo,CO,14967,14777
8103,Rio Blanco,CO,481,473
8105,Rio Grande,CO,878,857
8107,Routt,CO,1282,1245
8109,Saguache,CO,420,409
8111,San Juan,CO,49,48
8113,San Miguel,CO,397,388
8115,Sedgwick,CO,224,217
8117,Summit,CO,1207,1185
8119,Teller,CO,3146,3113
8121,Washington,CO,446,430
8123,Weld,CO,16620,16902
8125,Yuma,CO,661,628
9001,Fairfield,CT,35887,33866
9003,Hartford,CT,48609,46876
9005,Litchfield,CT,12386,11951
9007,Middlesex,CT,11455,11019
9009,New Haven,CT,46363,44480
9011,New London,CT,25144,24714
9013,Tolland,CT,10273,9898
9015,Windham,CT,9046,8803
10001,Kent,DE,19151,19370
10003,New Castle,DE,33451,32448
10005,Sussex,DE,21159,21013
11001,District Of Columbia,DC,28977,28413
12001,Alachua,FL,16702,16513
12003,Baker,FL,2081,2094
12005,Bay,FL,24480,24571
12007,Bradford,FL,2344,2337
12009,Brevard,FL,71930,70275
12011,Broward,FL,89398,85475
12013,Calhoun,FL,1359,1348
12015,Charlotte,FL,23748,22916
12017,Citrus,FL,20376,20569
12019,Clay,FL,26707,27337
12021,Collier,FL,30407,29324
12023,Columbia,FL,6764,6749
12027,De Soto,FL,2245,2171
12029,Dixie,FL,1684,1659
12031,Duval,FL,91481,91296
12033,Escambia,FL,42098,41556
12035,Flagler,FL,11743,11725
12037,Franklin,FL,1034,1019
12039,Gadsden,FL,3552,3527
12041,Gilchrist,FL,1694,1681
12043,Glades,FL,1024,996
12045,Gulf,FL,1591,1586
12047,Hamilton,FL,950,948
12049,Hardee,FL,1480,1425
12051,Hendry,FL,1652,1598
12053,Hernando,FL,20683,20359
12055,Highlands,FL,11627,11196
12057,Hillsborough,FL,100014,98307
12059,Holmes,FL,1774,1756
12061,Indian River,FL,15809,15267
12063,Jackson,FL,4445,4407
12065,Jefferson,FL,1341,1328
12067,Lafayette,FL,564,562
12069,Lake,FL,34897,34562
12071,Lee,FL,64211,62578
12073,Leon,FL,18239,18034
12075,Levy,FL,4830,4759
12077,Liberty,FL,531,527
12079,Madison,FL,1337,1330
12081,Manatee,FL,33456,32410
12083,Marion,FL,40033,39272
12085,Martin,FL,15241,14526
12086,Miami-Dade,FL,63086,61075
12087,Monroe,FL,7652,7398
12089,Nassau,FL,8996,8947
12091,Okaloosa,FL,35609,35636
12093,Okeechobee,FL,2942,2876
12095,Orange,FL,71465,69938
12097,Osceola,FL,17865,17683
12099,Palm Beach,FL,91288,85707
12101,Pasco,FL,52851,51749
12103,Pinellas,FL,93916,90533
12105,Polk,FL,50900,50218
12107,Putnam,FL,7221,7110
12109,Saint Johns,FL,19780,19939
12111,Saint Lucie,FL,26333,25603
12113,Santa Rosa,FL,24115,24444
12115,Sarasota,FL,45115,43405
12117,Seminole,FL,32039,31017
12119,Sumter,FL,19360,20027
12121,Suwannee,FL,4202,4183
12123,Taylor,FL,1962,1930
12125,Union,FL,1059,1064
12127,Volusia,FL,56756,55270
12129,Wakulla,FL,2692,2718
12131,Walton,FL,7064,7042
12133,Washington,FL,2393,2391
13001,Appling,GA,1088,1071
13003,Atkinson,GA,415,413
13005,Bacon,GA,610,601
13007,Baker,GA,175,174
13009,Baldwin,GA,3089,3058
13011,Banks,GA,1106,1110
13013,Barrow,GA,4871,4938
13015,Bartow,GA,7926,7926
13017,Ben Hill,GA,1148,1128
13019,Berrien,GA,1598,1595
13021,Bibb,GA,10902,10774
13023,Bleckley,GA,888,880
13025,Brantley,GA,1351,1328
13027,Brooks,GA,1481,1462
13029,Bryan,GA,4249,4381
13031,Bulloch,GA,4528,4528
13033,Burke,GA,1571,1566
13035,Butts,GA,1569,1586
13037,Calhoun,GA,298,292
13039,Camden,GA,7156,7448
13043,Candler,GA,865,842
13045,Carroll,GA,6836,6847
13047,Catoosa,GA,4356,4335
13049,Charlton,GA,915,898
13051,Chatham,GA,26853,27148
13053,Chattahoochee,GA,1428,1637
13055,Chattooga,GA,1686,1658
13057,Cherokee,GA,14954,15112
13059,Clarke,GA,4917,4899
13061,Clay,GA,220,219
13063,Clayton,GA,18522,18261
13065,Clinch,GA,397,395
13067,Cobb,GA,43515,42783
13069,Coffee,GA,2276,2257
13071,Colquitt,GA,2551,2510
13073,Columbia,GA,15832,16193
13075,Cook,GA,1196,1190
13077,Coweta,GA,11308,11344
13079,Crawford,GA,1091,1079
13081,Crisp,GA,1325,1300
13083,Dade,GA,1143,1143
13085,Dawson,GA,1926,1961
13087,Decatur,GA,1824,1801
13089,De Kalb,GA,38874,37785
13091,Dodge,GA,1385,1365
13093,Dooly,GA,723,706
13095,Dougherty,GA,6918,6850
13097,Douglas,GA,10742,10792
13099,Early,GA,629,626
13101,Echols,GA,203,201
13103,Effingham,GA,5306,5373
13105,Elbert,GA,1354,1328
13107,Emanuel,GA,1355,1346
13109,Evans,GA,758,752
13111,Fannin,GA,2106,2093
13113,Fayette,GA,10793,10574
13115,Floyd,GA,7052,6917
13117,Forsyth,GA,10023,10083
13119,Franklin,GA,1448,1441
13121,Fulton,GA,46796,45734
13123,Gilmer,GA,2545,2532
13125,Glascock,GA,168,166
13127,Glynn,GA,7700,7562
13129,Gordon,GA,3387,3369
13131,Grady,GA,1761,1732
13133,Greene,GA,1318,1297
13135,Gwinnett,GA,40117,39785
13137,Habersham,GA,2930,2897
13139,Hall,GA,10586,10585
13141,Hancock,GA,564,555
13143,Haralson,GA,1839,1830
13145,Harris,GA,3383,3406
13147,Hart,GA,1771,1734
13149,Heard,GA,814,808
13151,Henry,GA,18986,19253
13153,Houston,GA,20120,20464
13155,Irwin,GA,649,640
13157,Jackson,GA,4484,4562
13159,Jasper,GA,921,922
13161,Jeff Davis,GA,746,743
13163,Jefferson,GA,1084,1075
13165,Jenkins,GA,652,647
13167,Johnson,GA,503,494
13169,Jones,GA,2083,2070
13171,Lamar,GA,1451,1455
13173,Lanier,GA,877,886
13175,Laurens,GA,3594,3590
13177,Lee,GA,2530,2528
13179,Liberty,GA,12536,13406
13181,Lincoln,GA,657,649
13183,Long,GA,2274,2383
13185,Lowndes,GA,9633,9871
13187,Lumpkin,GA,2682,2729
13189,McDuffie,GA,1583,1573
13191,McIntosh,GA,1198,1188
13193,Macon,GA,820,807
13195,Madison,GA,1865,1866
13197,Marion,GA,765,761
13199,Meriwether,GA,1477,1471
13201,Miller,GA,365,360
13205,Mitchell,GA,1354,1337
13207,Monroe,GA,2041,2029
13209,Montgomery,GA,436,431
13211,Morgan,GA,1249,1241
13213,Murray,GA,2157,2130
13215,Muscogee,GA,23893,24128
13217,Newton,GA,7471,7554
13219,Oconee,GA,1932,1927
13221,Oglethorpe,GA,1067,1054
13223,Paulding,GA,10166,10324
13225,Peach,GA,2378,2402
13227,Pickens,GA,2594,2611
13229,Pierce,GA,1536,1500
13231,Pike,GA,1329,1328
13233,Polk,GA,2683,2640
13235,Pulaski,GA,826,821
13237,Putnam,GA,1873,1860
13239,Quitman,GA,176,175
13241,Rabun,GA,1443,1431
13243,Randolph,GA,380,377
13245,Richmond,GA,22035,21966
13247,Rockdale,GA,6768,6752
13249,Schley,GA,312,306
13251,Screven,GA,1052,1036
13253,Seminole,GA,762,749
13255,Spalding,GA,4765,4735
13257,Stephens,GA,1806,1785
13259,Stewart,GA,279,279
13261,Sumter,GA,1958,1907
13263,Talbot,GA,482,479
13265,Taliaferro,GA,132,127
13267,Tattnall,GA,1639,1656
13269,Taylor,GA,477,468
13271,Telfair,GA,731,717
13273,Terrell,GA,611,603
13275,Thomas,GA,3442,3393
13277,Tift,GA,2367,2329
13279,Toombs,GA,1883,1866
13281,Towns,GA,1282,1257
13283,Treutlen,GA,442,432
13285,Troup,GA,3999,3965
13287,Turner,GA,537,529
13289,Twiggs,GA,656,650
13291,Union,GA,2439,2437
13293,Upson,GA,2127,2115
13295,Walker,GA,4748,4705
13297,Walton,GA,5584,5639
13299,Ware,GA,2907,2862
13301,Warren,GA,324,321
13303,Washington,GA,1258,1253
13305,Wayne,GA,2437,2435
13307,Webster,GA,163,163
13309,Wheeler,GA,324,316
13311,White,GA,2465,2454
13313,Whitfield,GA,5230,5128
13315,Wilcox,GA,470,465
13317,Wilkes,GA,793,780
13319,Wilkinson,GA,662,657
13321,Worth,GA,1641,1618
15001,Hawaii,HI,15938,15647
15003,Honolulu,HI,83646,83746
15005,Kalawao,HI,4,4
15007,Kauai,HI,4576,4489
15009,Maui,HI,9221,9058
16001,Ada,ID,33959,33755
16003,Adams,ID,422,415
16005,Bannock,ID,5702,5650
16007,Bear Lake,ID,443,430
16009,Benewah,ID,965,950
16011,Bingham,ID,2432,2400
16013,Blaine,ID,1139,1108
16015,Boise,ID,937,917
16017,Bonner,ID,4306,4245
16019,Bonneville,ID,7085,6985
16021,Boundary,ID,1180,1157
16023,Butte,ID,249,242
16025,Camas,ID,108,106
16027,Canyon,ID,14060,14064
16029,Caribou,ID,409,401
16031,Cassia,ID,1086,1061
16033,Clark,ID,29,29
16035,Clearwater,ID,1083,1061
16037,Custer,ID,377,358
16039,Elmore,ID,4114,4300
16041,Franklin,ID,594,583
16043,Fremont,ID,820,804
16045,Gem,ID,1805,1776
16047,Gooding,ID,972,957
16049,Idaho,ID,1760,1727
16051,Jefferson,ID,1250,1246
16053,Jerome,ID,1189,1178
16055,Kootenai,ID,13648,13552
16057,Latah,ID,2220,2197
16059,Lemhi,ID,854,821
16061,Lewis,ID,358,347
16063,Lincoln,ID,289,285
16065,Madison,ID,928,937
16067,Minidoka,ID,1100,1071
16069,Nez Perce,ID,3692,3610
16071,Oneida,ID,311,303
16073,Owyhee,ID,755,745
16075,Payette,ID,1811,1809
16077,Power,ID,458,453
16079,Shoshone,ID,1294,1271
16081,Teton,ID,314,312
16083,Twin Falls,ID,5677,5619
16085,Valley,ID,1013,1000
16087,Washington,ID,923,904
17001,Adams,IL,5160,5032
17003,Alexander,IL,552,540
17005,Bond,IL,1319,1294
17007,Boone,IL,2942,2896
17009,Brown,IL,374,368
17011,Bureau,IL,2609,2540
17013,Calhoun,IL,399,385
17015,Carroll,IL,1453,1412
17017,Cass,IL,989,955
17019,Champaign,IL,10261,10005
17021,Christian,IL,2757,2701
17023,Clark,IL,1330,1295
17025,Clay,IL,871,852
17027,Clinton,IL,3094,3055
17029,Coles,IL,3305,3235
17031,Cook,IL,190873,182804
17033,Crawford,IL,1472,1435
17035,Cumberland,IL,812,783
17037,De Kalb,IL,5676,5576
17039,De Witt,IL,1263,1234
17041,Douglas,IL,1288,1254
17043,Du Page,IL,36890,35196
17045,Edgar,IL,1468,1421
17047,Edwards,IL,502,487
17049,Effingham,IL,2354,2287
17051,Fayette,IL,1521,1479
17053,Ford,IL,1011,988
17055,Franklin,IL,3337,3268
17057,Fulton,IL,2997,2901
17059,Gallatin,IL,478,464
17061,Greene,IL,1039,1010
17063,Grundy,IL,3210,3190
17065,Hamilton,IL,509,496
17067,Hancock,IL,1580,1525
17069,Hardin,IL,311,305
17071,Henderson,IL,589,576
17073,Henry,IL,3792,3702
17075,Iroquois,IL,2095,2013
17077,Jackson,IL,4104,3980
17079,Jasper,IL,638,616
17081,Jefferson,IL,3037,2961
17083,Jersey,IL,2011,1987
17085,Jo Daviess,IL,1857,1806
17087,Johnson,IL,1115,1091
17089,Kane,IL,20903,20509
17091,Kankakee,IL,7758,7584
17093,Kendall,IL,4951,5023
17095,Knox,IL,4344,4220
17097,Lake,IL,36465,35719
17099,La Salle,IL,9955,9662
17101,Lawrence,IL,1172,1137
17103,Lee,IL,2615,2560
17105,Livingston,IL,2646,2557
17107,Logan,IL,2132,2067
17109,McDonough,IL,2132,2087
17111,McHenry,IL,15966,15579
17113,McLean,IL,8730,8566
17115,Macon,IL,8340,8104
17117,Macoupin,IL,3938,3859
17119,Madison,IL,23098,22664
17121,Marion,IL,3095,3009
17123,Marshall,IL,1037,1008
17125,Mason,IL,1224,1192
17127,Massac,IL,1250,1216
17129,Menard,IL,1125,1101
17131,Mercer,IL,1326,1289
17133,Monroe,IL,2554,2506
17135,Montgomery,IL,2413,2358
17137,Morgan,IL,2790,2720
17139,Moultrie,IL,1021,984
17141,Ogle,IL,4139,4061
17143,Peoria,IL,12444,12094
17145,Perry,IL,1654,1614
17147,Piatt,IL,1243,1214
17149,Pike,IL,1125,1104
17151,Pope,IL,400,389
17153,Pulaski,IL,512,500
17155,Putnam,IL,444,431
17157,Randolph,IL,2452,2398
17159,Richland,IL,1239,1191
17161,Rock Island,IL,11354,11040
17163,Saint Clair,IL,28330,28409
17165,Saline,IL,1751,1705
17167,Sangamon,IL,15106,14821
17169,Schuyler,IL,629,608
17171,Scott,IL,388,375
17173,Shelby,IL,1860,1805
17175,Stark,IL,488,471
17177,Stephenson,IL,3422,3320
17179,Tazewell,IL,10529,10274
17181,Union,IL,1376,1340
17183,Vermilion,IL,6231,6068
17185,Wabash,IL,1000,959
17187,Warren,IL,1279,1249
17189,Washington,IL,1210,1178
17191,Wayne,IL,1234,1187
17193,White,IL,1143,1105
17195,Whiteside,IL,4564,4426
17197,Will,IL,32486,31874
17199,Williamson,IL,5812,5706
17201,Winnebago,IL,19150,18666
17203,Woodford,IL,2756,2680
18001,Adams,IN,1637,1587
18003,Allen,IN,21981,21561
18005,Bartholomew,IN,4691,4593
18007,Benton,IN,602,590
18009,Blackford,IN,1054,1038
18011,Boone,IN,3227,3184
18013,Brown,IN,1417,1378
18015,Carroll,IN,1551,1527
18017,Cass,IN,2847,2805
18019,Clark,IN,8900,8790
18021,Clay,IN,2024,1986
18023,Clinton,IN,2070,2042
18025,Crawford,IN,811,791
18027,Daviess,IN,2036,1973
18029,Dearborn,IN,3741,3686
18031,Decatur,IN,1615,1587
18033,De Kalb,IN,2909,2854
18035,Delaware,IN,7222,7055
18037,Dubois,IN,2542,2481
18039,Elkhart,IN,9920,9672
18041,Fayette,IN,1829,1787
18043,Floyd,IN,5644,5542
18045,Fountain,IN,1235,1204
18047,Franklin,IN,1273,1245
18049,Fulton,IN,1561,1525
18051,Gibson,IN,2376,2327
18053,Grant,IN,5456,5341
18055,Greene,IN,2877,2833
18057,Hamilton,IN,14176,14145
18059,Hancock,IN,5582,5492
18061,Harrison,IN,3167,3125
18063,Hendricks,IN,10226,10198
18065,Henry,IN,3533,3460
18067,Howard,IN,6550,6416
18069,Huntington,IN,2530,2469
18071,Jackson,IN,2912,2858
18073,Jasper,IN,2288,2246
18075,Jay,IN,1367,1328
18077,Jefferson,IN,2479,2423
18079,Jennings,IN,2053,2020
18081,Johnson,IN,10316,10248
18083,Knox,IN,2664,2614
18085,Kosciusko,IN,4786,4670
18087,Lagrange,IN,1433,1397
18089,Lake,IN,31296,30264
18091,La Porte,IN,8223,8041
18093,Lawrence,IN,3862,3793
18095,Madison,IN,9381,9200
18097,Marion,IN,54195,52898
18099,Marshall,IN,3002,2936
18101,Martin,IN,923,899
18103,Miami,IN,3353,3281
18105,Monroe,IN,6810,6661
18107,Montgomery,IN,2601,2542
18109,Morgan,IN,6083,6048
18111,Newton,IN,980,962
18113,Noble,IN,2830,2779
18115,Ohio,IN,534,523
18117,Orange,IN,1478,1451
18119,Owen,IN,1713,1681
18121,Parke,IN,1369,1330
18123,Perry,IN,1418,1384
18125,Pike,IN,911,893
18127,Porter,IN,10643,10494
18129,Posey,IN,1846,1808
18131,Pulaski,IN,903,886
18133,Putnam,IN,2698,2635
18135,Randolph,IN,1896,1849
18137,Ripley,IN,2321,2271
18139,Rush,IN,1169,1143
18141,St Joseph,IN,15674,15254
18143,Scott,IN,1670,1650
18145,Shelby,IN,3514,3439
18147,Spencer,IN,1784,1735
18149,Starke,IN,1718,1698
18151,Steuben,IN,2314,2262
18153,Sullivan,IN,1442,1424
18155,Switzerland,IN,801,777
18157,Tippecanoe,IN,8857,8688
18159,Tipton,IN,1231,1204
18161,Union,IN,567,557
18163,Vanderburgh,IN,14189,13792
18165,Vermillion,IN,1408,1364
18167,Vigo,IN,7747,7607
18169,Wabash,IN,2296,2231
18171,Warren,IN,641,625
18173,Warrick,IN,4298,4230
18175,Washington,IN,2233,2190
18177,Wayne,IN,5443,5276
18179,Wells,IN,1749,1711
18181,White,IN,1991,1935
18183,Whitley,IN,2213,2184
19001,Adair,IA,608,583
19003,Adams,IA,336,325
19005,Allamakee,IA,1087,1052
19007,Appanoose,IA,1055,1020
19009,Audubon,IA,476,461
19011,Benton,IA,2113,2072
19013,Black Hawk,IA,8934,8685
19015,Boone,IA,2155,2106
19017,Bremer,IA,1702,1647
19019,Buchanan,IA,1539,1494
19021,Buena Vista,IA,1083,1045
19023,Butler,IA,1038,1010
19025,Calhoun,IA,869,842
19027,Carroll,IA,1495,1442
19029,Cass,IA,1063,1034
19031,Cedar,IA,1550,1519
19033,Cerro Gordo,IA,3633,3511
19035,Cherokee,IA,1002,965
19037,Chickasaw,IA,984,945
19039,Clarke,IA,714,697
19041,Clay,IA,1244,1215
19043,Clayton,IA,1395,1363
19045,Clinton,IA,4024,3921
19047,Crawford,IA,1014,986
19049,Dallas,IA,4182,4147
19051,Davis,IA,609,591
19053,Decatur,IA,490,478
19055,Delaware,IA,1090,1062
19057,Des Moines,IA,3526,3418
19059,Dickinson,IA,1372,1319
19061,Dubuque,IA,7215,7028
19063,Emmet,IA,808,782
19065,Fayette,IA,1675,1620
19067,Floyd,IA,1398,1342
19069,Franklin,IA,731,706
19071,Fremont,IA,639,623
19073,Greene,IA,790,750
19075,Grundy,IA,872,850
19077,Guthrie,IA,865,839
19079,Hamilton,IA,1252,1212
19081,Hancock,IA,875,852
19083,Hardin,IA,1308,1268
19085,Harrison,IA,1174,1155
19087,Henry,IA,1487,1455
19089,Howard,IA,683,664
19091,Humboldt,IA,771,745
19093,Ida,IA,589,573
19095,Iowa,IA,1230,1197
19097,Jackson,IA,1629,1586
19099,Jasper,IA,2683,2620
19101,Jefferson,IA,1188,1146
19103,Johnson,IA,6391,6279
19105,Jones,IA,1734,1706
19107,Keokuk,IA,756,728
19109,Kossuth,IA,1274,1221
19111,Lee,IA,3139,3065
19113,Linn,IA,15419,15141
19115,Louisa,IA,738,720
19117,Lucas,IA,702,687
19119,Lyon,IA,649,628
19121,Madison,IA,1220,1187
19123,Mahaska,IA,1444,1400
19125,Marion,IA,2062,2033
19127,Marshall,IA,3062,2974
19129,Mills,IA,1316,1300
19131,Mitchell,IA,801,772
19133,Monona,IA,916,892
19135,Monroe,IA,572,559
19137,Montgomery,IA,917,891
19139,Muscatine,IA,2535,2484
19141,O'Brien,IA,1179,1136
19143,Osceola,IA,476,460
19145,Page,IA,1256,1223
19147,Palo Alto,IA,717,683
19149,Plymouth,IA,1933,1887
19151,Pocahontas,IA,691,669
19153,Polk,IA,27483,26910
19155,Pottawattamie,IA,7379,7262
19157,Poweshiek,IA,1320,1280
19159,Ringgold,IA,392,376
19161,Sac,IA,896,866
19163,Scott,IA,12881,12651
19165,Shelby,IA,1039,1004
19167,Sioux,IA,1589,1536
19169,Story,IA,4256,4216
19171,Tama,IA,1329,1286
19173,Taylor,IA,475,463
19175,Union,IA,940,920
19177,Van Buren,IA,646,624
19179,Wapello,IA,2667,2593
19181,Warren,IA,3565,3516
19183,Washington,IA,1549,1521
19185,Wayne,IA,559,535
19187,Webster,IA,2873,2798
19189,Winnebago,IA,774,750
19191,Winneshiek,IA,1363,1309
19193,Woodbury,IA,7004,6900
19195,Worth,IA,663,640
19197,Wright,IA,932,896
20001,Allen,KS,1065,1035
20003,Anderson,KS,568,554
20005,Atchison,KS,1107,1082
20007,Barber,KS,319,311
20009,Barton,KS,1911,1846
20011,Bourbon,KS,998,978
20013,Brown,KS,834,816
20015,Butler,KS,5172,5098
20017,Chase,KS,250,241
20019,Chautauqua,KS,283,273
20021,Cherokee,KS,1492,1456
20023,Cheyenne,KS,246,233
20025,Clark,KS,162,152
20027,Clay,KS,1014,1007
20029,Cloud,KS,737,718
20031,Coffey,KS,692,682
20033,Comanche,KS,139,133
20035,Cowley,KS,2452,2411
20037,Crawford,KS,2322,2273
20039,Decatur,KS,249,239
20041,Dickinson,KS,2150,2131
20043,Doniphan,KS,607,596
20045,Douglas,KS,5355,5300
20047,Edwards,KS,210,202
20049,Elk,KS,287,278
20051,Ellis,KS,1569,1514
20053,Ellsworth,KS,434,426
20055,Finney,KS,1126,1105
20057,Ford,KS,1190,1151
20059,Franklin,KS,1719,1697
20061,Geary,KS,6495,7085
20063,Gove,KS,173,164
20065,Graham,KS,189,182
20067,Grant,KS,236,233
20069,Gray,KS,198,191
20071,Greeley,KS,60,58
20073,Greenwood,KS,559,544
20075,Hamilton,KS,115,112
20077,Harper,KS,376,365
20079,Harvey,KS,2000,1970
20081,Haskell,KS,130,128
20083,Hodgeman,KS,169,163
20085,Jackson,KS,1223,1196
20087,Jefferson,KS,1479,1454
20089,Jewell,KS,319,306
20091,Johnson,KS,31539,30752
20093,Kearny,KS,187,182
20095,Kingman,KS,582,566
20097,Kiowa,KS,175,165
20099,Labette,KS,1408,1381
20101,Lane,KS,119,114
20103,Leavenworth,KS,10169,10243
20105,Lincoln,KS,276,268
20107,Linn,KS,850,834
20109,Logan,KS,217,207
20111,Lyon,KS,1946,1884
20113,McPherson,KS,1765,1725
20115,Marion,KS,695,680
20117,Marshall,KS,821,800
20119,Meade,KS,250,243
20121,Miami,KS,2286,2252
20123,Mitchell,KS,430,409
20125,Montgomery,KS,2463,2413
20127,Morris,KS,635,625
20129,Morton,KS,139,135
20131,Nemaha,KS,621,601
20133,Neosho,KS,1136,1109
20135,Ness,KS,236,225
20137,Norton,KS,428,411
20139,Osage,KS,1491,1455
20141,Osborne,KS,245,235
20143,Ottawa,KS,468,457
20145,Pawnee,KS,469,457
20147,Phillips,KS,358,350
20149,Pottawatomie,KS,1814,1814
20151,Pratt,KS,576,556
20153,Rawlins,KS,204,198
20155,Reno,KS,4376,4274
20157,Republic,KS,475,457
20159,Rice,KS,659,642
20161,Riley,KS,6278,6854
20163,Rooks,KS,348,334
20165,Rush,KS,283,274
20167,Russell,KS,551,534
20169,Saline,KS,4057,3992
20171,Scott,KS,334,322
20173,Sedgwick,KS,34985,34386
20175,Seward,KS,603,592
20177,Shawnee,KS,14957,14676
20179,Sheridan,KS,198,187
20181,Sherman,KS,360,353
20183,Smith,KS,350,332
20185,Stafford,KS,305,292
20187,Stanton,KS,69,64
20189,Stevens,KS,229,223
20191,Sumner,KS,1871,1843
20193,Thomas,KS,504,489
20195,Trego,KS,264,254
20197,Wabaunsee,KS,629,618
20199,Wallace,KS,101,95
20201,Washington,KS,432,413
20203,Wichita,KS,81,79
20205,Wilson,KS,680,667
20207,Woodson,KS,294,286
20209,Wyandotte,KS,9838,9524
21001,Adair,KY,1088,1081
21003,Allen,KY,1456,1438
21005,Anderson,KY,1648,1644
21007,Ballard,KY,660,645
21009,Barren,KY,2767,2730
21011,Bath,KY,549,544
21013,Bell,KY,1628,1581
21015,Boone,KY,7991,7973
21017,Bourbon,KY,1343,1316
21019,Boyd,KY,3896,3825
21021,Boyle,KY,2026,1981
21023,Bracken,KY,565,560
21025,Breathitt,KY,619,608
21027,Breckinridge,KY,1448,1447
21029,Bullitt,KY,6389,6401
21031,Butler,KY,835,827
21033,Caldwell,KY,1080,1053
21035,Calloway,KY,2371,2342
21037,Campbell,KY,5682,5551
21039,Carlisle,KY,383,372
21041,Carroll,KY,742,733
21043,Carter,KY,1551,1524
21045,Casey,KY,1057,1042
21047,Christian,KY,8332,8843
21049,Clark,KY,2766,2746
21051,Clay,KY,928,906
21053,Clinton,KY,506,499
21055,Crittenden,KY,668,656
21057,Cumberland,KY,462,452
21059,Daviess,KY,7099,6968
21061,Edmonson,KY,787,780
21063,Elliott,KY,324,321
21065,Estill,KY,916,902
21067,Fayette,KY,17208,16970
21069,Fleming,KY,1089,1043
21071,Floyd,KY,1693,1639
21073,Franklin,KY,3834,3771
21075,Fulton,KY,533,524
21077,Gallatin,KY,650,645
21079,Garrard,KY,1141,1136
21081,Grant,KY,1601,1592
21083,Graves,KY,2374,2307
21085,Grayson,KY,1781,1757
21087,Green,KY,803,787
21089,Greenup,KY,2933,2880
21091,Hancock,KY,630,624
21093,Hardin,KY,15936,16386
21095,Harlan,KY,1773,1737
21097,Harrison,KY,1406,1379
21099,Hart,KY,1063,1064
21101,Henderson,KY,3212,3132
21103,Henry,KY,1094,1085
21105,Hickman,KY,297,294
21107,Hopkins,KY,3275,3213
21109,Jackson,KY,630,617
21111,Jefferson,KY,52025,50765
21113,Jessamine,KY,3445,3401
21115,Johnson,KY,1527,1482
21117,Kenton,KY,10952,10764
21119,Knott,KY,757,746
21121,Knox,KY,1656,1637
21123,Larue,KY,1114,1105
21125,Laurel,KY,4049,4001
21127,Lawrence,KY,872,861
21129,Lee,KY,399,395
21131,Leslie,KY,406,398
21133,Letcher,KY,1202,1172
21135,Lewis,KY,872,853
21137,Lincoln,KY,1491,1467
21139,Livingston,KY,679,669
21141,Logan,KY,1906,1877
21143,Lyon,KY,792,776
21145,McCracken,KY,5073,4995
21147,McCreary,KY,1047,1041
21149,McLean,KY,559,546
21151,Madison,KY,5683,5673
21153,Magoffin,KY,351,338
21155,Marion,KY,1052,1041
21157,Marshall,KY,2466,2425
21159,Martin,KY,441,436
21161,Mason,KY,1181,1159
21163,Meade,KY,3520,3560
21165,Menifee,KY,391,386
21167,Mercer,KY,1612,1590
21169,Metcalfe,KY,652,638
21171,Monroe,KY,670,658
21173,Montgomery,KY,1676,1676
21175,Morgan,KY,583,569
21177,Muhlenberg,KY,2023,1998
21179,Nelson,KY,3381,3374
21181,Nicholas,KY,410,403
21183,Ohio,KY,1814,1790
21185,Oldham,KY,4009,3972
21187,Owen,KY,747,741
21189,Owsley,KY,171,166
21191,Pendleton,KY,1018,1009
21193,Perry,KY,1452,1401
21195,Pike,KY,2826,2781
21197,Powell,KY,911,904
21199,Pulaski,KY,5011,4955
21201,Robertson,KY,143,140
21203,Rockcastle,KY,967,953
21205,Rowan,KY,1200,1183
21207,Russell,KY,1107,1084
21209,Scott,KY,3185,3203
21211,Shelby,KY,2759,2773
21213,Simpson,KY,1204,1191
21215,Spencer,KY,1195,1198
21217,Taylor,KY,1515,1500
21219,Todd,KY,869,861
21221,Trigg,KY,1506,1497
21223,Trimble,KY,622,618
21225,Union,KY,935,921
21227,Warren,KY,7237,7130
21229,Washington,KY,631,628
21231,Wayne,KY,1142,1118
21233,Webster,KY,874,854
21235,Whitley,KY,2518,2496
21237,Wolfe,KY,359,355
21239,Woodford,KY,1706,1685
22001,Acadia,LA,3291,3229
22003,Allen,LA,1394,1364
22005,Ascension,LA,5840,5839
22007,Assumption,LA,1083,1077
22009,Avoyelles,LA,2495,2485
22011,Beauregard,LA,3520,3527
22013,Bienville,LA,1065,1043
22015,Bossier,LA,14649,14841
22017,Caddo,LA,18944,18711
22019,Calcasieu,LA,14623,14346
22021,Caldwell,LA,632,624
22023,Cameron,LA,400,392
22025,Catahoula,LA,501,493
22027,Claiborne,LA,1046,1022
22029,Concordia,LA,1186,1174
22031,De Soto,LA,1959,1938
22033,East Baton Rouge,LA,24411,23870
22035,East Carroll,LA,322,322
22037,East Feliciana,LA,1087,1084
22039,Evangeline,LA,1766,1725
22041,Franklin,LA,1229,1190
22043,Grant,LA,1569,1563
22045,Iberia,LA,3572,3515
22047,Iberville,LA,1509,1497
22049,Jackson,LA,1132,1109
22051,Jefferson,LA,24269,23581
22053,Jefferson Davis,LA,2122,2057
22055,Lafayette,LA,13850,13746
22057,Lafourche,LA,4146,4077
22059,La Salle,LA,929,906
22061,Lincoln,LA,2541,2489
22063,Livingston,LA,8755,8736
22065,Madison,LA,540,536
22067,Morehouse,LA,1768,1737
22069,Natchitoches,LA,2468,2427
22071,Orleans,LA,18774,18397
22073,Ouachita,LA,9834,9717
22075,Plaquemines,LA,1646,1726
22077,Pointe Coupee,LA,1272,1247
22079,Rapides,LA,10694,10593
22081,Red River,LA,498,492
22083,Richland,LA,1110,1101
22085,Sabine,LA,1855,1817
22087,Saint Bernard,LA,1862,1858
22089,Saint Charles,LA,3137,3108
22091,Saint Helena,LA,531,529
22093,Saint James,LA,1049,1026
22095,Saint John The Baptist,LA,2746,2683
22097,Saint Landry,LA,4767,4687
22099,Saint Martin,LA,2864,2836
22101,Saint Mary,LA,3000,2937
22103,Saint Tammany,LA,18823,18765
22105,Tangipahoa,LA,6982,6979
22107,Tensas,LA,290,279
22109,Terrebonne,LA,5909,5799
22111,Union,LA,1679,1650
22113,Vermilion,LA,3214,3153
22115,Vernon,LA,7777,8339
22117,Washington,LA,3200,3144
22119,Webster,LA,2917,2858
22121,West Baton Rouge,LA,1320,1314
22123,West Carroll,LA,574,567
22125,West Feliciana,LA,637,634
22127,Winn,LA,878,866
23001,Androscoggin,ME,10173,9941
23003,Aroostook,ME,6931,6770
23005,Cumberland,ME,20585,20032
23007,Franklin,ME,2793,2731
23009,Hancock,ME,5097,4969
23011,Kennebec,ME,11007,10795
23013,Knox,ME,3639,3530
23015,Lincoln,ME,3442,3326
23017,Oxford,ME,5684,5541
23019,Penobscot,ME,13429,13231
23021,Piscataquis,ME,2017,1965
23023,Sagadahoc,ME,4194,4107
23025,Somerset,ME,4952,4866
23027,Waldo,ME,3582,3500
23029,Washington,ME,3473,3386
23031,York,ME,18557,18094
24001,Allegany,MD,6445,6254
24003,Anne Arundel,MD,53804,52909
24005,Baltimore,MD,50869,49081
24009,Calvert,MD,9945,9682
24011,Caroline,MD,2403,2371
24013,Carroll,MD,10947,10716
24015,Cecil,MD,7447,7436
24017,Charles,MD,17236,17123
24019,Dorchester,MD,2670,2614
24021,Frederick,MD,17918,17586
24023,Garrett,MD,2392,2344
24025,Harford,MD,20175,19896
24027,Howard,MD,18657,18347
24029,Kent,MD,1909,1845
24031,Montgomery,MD,45264,43450
24033,Prince George's,MD,61856,60379
24035,Queen Anne's,MD,3844,3778
24037,Saint Mary's,MD,13031,12990
24039,Somerset,MD,1753,1731
24041,Talbot,MD,3552,3430
24043,Washington,MD,11523,11299
24045,Wicomico,MD,7150,7074
24047,Worcester,MD,5046,4916
24510,Baltimore City,MD,32687,31785
25001,Barnstable,MA,20268,19397
25003,Berkshire,MA,9434,9103
25005,Bristol,MA,31835,30829
25007,Dukes,MA,990,946
25009,Essex,MA,38641,36954
25011,Franklin,MA,5251,5098
25013,Hampden,MA,29018,28069
25015,Hampshire,MA,9741,9467
25017,Middlesex,MA,65811,62839
25019,Nantucket,MA,608,584
25021,Norfolk,MA,33953,32408
25023,Plymouth,MA,33292,32218
25025,Suffolk,MA,22037,21194
25027,Worcester,MA,48807,47151
26001,Alcona,MI,1549,1509
26003,Alger,MI,983,957
26005,Allegan,MI,7068,6920
26007,Alpena,MI,2822,2757
26009,Antrim,MI,2220,2168
26011,Arenac,MI,1351,1321
26013,Baraga,MI,783,768
26015,Barry,MI,4540,4443
26017,Bay,MI,7650,7495
26019,Benzie,MI,1827,1777
26021,Berrien,MI,11756,11355
26023,Branch,MI,2996,2921
26025,Calhoun,MI,11293,10963
26027,Cass,MI,4287,4162
26029,Charlevoix,MI,2291,2228
26031,Cheboygan,MI,2552,2484
26033,Chippewa,MI,3377,3310
26035,Clare,MI,2765,2715
26037,Clinton,MI,5070,4925
26039,Crawford,MI,1585,1564
26041,Delta,MI,4038,3936
26043,Dickinson,MI,2729,2662
26045,Eaton,MI,7413,7226
26047,Emmet,MI,2608,2546
26049,Genesee,MI,28290,27435
26051,Gladwin,MI,2460,2412
26053,Gogebic,MI,1678,1623
26055,Grand Traverse,MI,6552,6426
26057,Gratiot,MI,2616,2531
26059,Hillsdale,MI,3435,3341
26061,Houghton,MI,2759,2701
26063,Huron,MI,2494,2407
26065,Ingham,MI,14648,14212
26067,Ionia,MI,4130,4041
26069,Iosco,MI,3320,3245
26071,Iron,MI,1469,1417
26073,Isabella,MI,3145,3089
26075,Jackson,MI,11318,10997
26077,Kalamazoo,MI,14146,13826
26079,Kalkaska,MI,1599,1574
26081,Kent,MI,33699,32560
26083,Keweenaw,MI,317,306
26085,Lake,MI,1203,1174
26087,Lapeer,MI,6204,6069
26089,Leelanau,MI,1952,1889
26091,Lenawee,MI,7654,7420
26093,Livingston,MI,11149,10863
26095,Luce,MI,546,531
26097,Mackinac,MI,1063,1038
26099,Macomb,MI,51256,49596
26101,Manistee,MI,2517,2455
26103,Marquette,MI,6578,6422
26105,Mason,MI,2592,2537
26107,Mecosta,MI,3107,3045
26109,Menominee,MI,2382,2301
26111,Midland,MI,5364,5238
26113,Missaukee,MI,1125,1101
26115,Monroe,MI,11730,11416
26117,Montcalm,MI,4608,4516
26119,Montmorency,MI,1102,1071
26121,Muskegon,MI,13231,12964
26123,Newaygo,MI,3832,3763
26125,Oakland,MI,62817,60366
26127,Oceana,MI,2167,2111
26129,Ogemaw,MI,2291,2248
26131,Ontonagon,MI,925,898
26133,Osceola,MI,2090,2046
26135,Oscoda,MI,978,960
26137,Otsego,MI,2311,2262
26139,Ottawa,MI,14264,13912
26141,Presque Isle,MI,1430,1388
26143,Roscommon,MI,2867,2811
26145,Saginaw,MI,14434,13968
26147,Saint Clair,MI,13382,13029
26149,Saint Joseph,MI,4028,3917
26151,Sanilac,MI,3030,2935
26153,Schoolcraft,MI,786,763
26155,Shiawassee,MI,4960,4850
26157,Tuscola,MI,4140,4031
26159,Van Buren,MI,5017,4909
26161,Washtenaw,MI,14727,14315
26163,Wayne,MI,95309,91203
26165,Wexford,MI,2728,2682
27001,Aitkin,MN,1928,1874
27003,Anoka,MN,23011,22462
27005,Becker,MN,3155,3058
27007,Beltrami,MN,3187,3111
27009,Benton,MN,3055,3012
27011,Big Stone,MN,469,448
27013,Blue Earth,MN,3789,3740
27015,Brown,MN,1965,1893
27017,Carlton,MN,2928,2882
27019,Carver,MN,4768,4685
27021,Cass,MN,3083,3023
27023,Chippewa,MN,856,822
27025,Chisago,MN,4062,3995
27027,Clay,MN,3921,3858
27029,Clearwater,MN,900,875
27031,Cook,MN,473,458
27033,Cottonwood,MN,856,817
27035,Crow Wing,MN,5977,5861
27037,Dakota,MN,26281,25689
27039,Dodge,MN,1379,1349
27041,Douglas,MN,3167,3095
27043,Faribault,MN,1219,1183
27045,Fillmore,MN,1537,1483
27047,Freeborn,MN,2645,2541
27049,Goodhue,MN,3842,3738
27051,Grant,MN,530,508
27053,Hennepin,MN,58770,56055
27055,Houston,MN,1427,1391
27057,Hubbard,MN,2111,2062
27059,Isanti,MN,2924,2871
27061,Itasca,MN,4478,4354
27063,Jackson,MN,780,756
27065,Kanabec,MN,1431,1411
27067,Kandiyohi,MN,2606,2516
27069,Kittson,MN,328,316
27071,Koochiching,MN,1231,1186
27073,Lac Qui Parle,MN,633,607
27075,Lake,MN,1141,1100
27077,Lake of the Woods,MN,389,377
27079,Le Sueur,MN,1990,1952
27081,Lincoln,MN,517,492
27083,Lyon,MN,1523,1482
27085,McLeod,MN,2772,2706
27087,Mahnomen,MN,389,377
27089,Marshall,MN,642,623
27091,Martin,MN,1687,1621
27093,Meeker,MN,1851,1795
27095,Mille Lacs,MN,2335,2287
27097,Morrison,MN,2782,2735
27099,Mower,MN,2873,2745
27101,Murray,MN,745,720
27103,Nicollet,MN,2077,2004
27105,Nobles,MN,1178,1141
27107,Norman,MN,512,493
27109,Olmsted,MN,9867,9594
27111,Otter Tail,MN,5161,4985
27113,Pennington,MN,982,954
27115,Pine,MN,2566,2526
27117,Pipestone,MN,685,657
27119,Polk,MN,2283,2236
27121,Pope,MN,950,908
27123,Ramsey,MN,26283,25203
27125,Red Lake,MN,269,259
27127,Redwood,MN,1151,1103
27129,Renville,MN,1103,1067
27131,Rice,MN,4235,4123
27133,Rock,MN,682,668
27135,Roseau,MN,1185,1150
27137,Saint Louis,MN,16344,16024
27139,Scott,MN,6792,6722
27141,Sherburne,MN,5927,5892
27143,Sibley,MN,923,894
27145,Stearns,MN,10469,10246
27147,Steele,MN,2562,2485
27149,Stevens,MN,585,557
27151,Swift,MN,712,683
27153,Todd,MN,1971,1925
27155,Traverse,MN,350,329
27157,Wabasha,MN,1906,1833
27159,Wadena,MN,1260,1225
27161,Waseca,MN,1303,1277
27163,Washington,MN,14746,14467
27165,Watonwan,MN,833,797
27167,Wilkin,MN,468,459
27169,Winona,MN,2973,2889
27171,Wright,MN,7847,7823
27173,Yellow Medicine,MN,802,768
28001,Adams,MS,1911,1852
28003,Alcorn,MS,1949,1924
28005,Amite,MS,775,762
28007,Attala,MS,1187,1166
28009,Benton,MS,379,368
28011,Bolivar,MS,1362,1342
28013,Calhoun,MS,756,746
28015,Carroll,MS,581,571
28017,Chickasaw,MS,805,788
28019,Choctaw,MS,582,567
28021,Claiborne,MS,423,420
28023,Clarke,MS,1032,1014
28025,Clay,MS,1154,1127
28027,Coahoma,MS,1128,1101
28029,Copiah,MS,1743,1720
28031,Covington,MS,1290,1266
28033,De Soto,MS,10650,10685
28035,Forrest,MS,6080,5913
28037,Franklin,MS,509,498
28039,George,MS,1347,1344
28041,Greene,MS,777,771
28043,Grenada,MS,1475,1463
28045,Hancock,MS,4163,4130
28047,Harrison,MS,22444,22664
28049,Hinds,MS,14152,13826
28051,Holmes,MS,585,571
28053,Humphreys,MS,393,389
28055,Issaquena,MS,74,71
28057,Itawamba,MS,1368,1343
28059,Jackson,MS,14437,14422
28061,Jasper,MS,1054,1040
28063,Jefferson,MS,278,276
28065,Jefferson Davis,MS,765,752
28067,Jones,MS,4261,4138
28069,Kemper,MS,630,615
28071,Lafayette,MS,2350,2312
28073,Lamar,MS,3888,3927
28075,Lauderdale,MS,6485,6369
28077,Lawrence,MS,730,717
28079,Leake,MS,1237,1201
28081,Lee,MS,5267,5181
28083,Leflore,MS,1275,1228
28085,Lincoln,MS,1837,1809
28087,Lowndes,MS,4839,4796
28089,Madison,MS,5828,5755
28091,Marion,MS,1467,1436
28093,Marshall,MS,1826,1815
28095,Monroe,MS,2486,2441
28097,Montgomery,MS,718,707
28099,Neshoba,MS,1699,1657
28101,Newton,MS,1578,1576
28103,Noxubee,MS,426,414
28105,Oktibbeha,MS,2100,2065
28107,Panola,MS,2005,1957
28109,Pearl River,MS,4653,4618
28111,Perry,MS,900,892
28113,Pike,MS,2676,2598
28115,Pontotoc,MS,1556,1538
28117,Prentiss,MS,1248,1234
28119,Quitman,MS,356,346
28121,Rankin,MS,9131,9130
28123,Scott,MS,1298,1290
28125,Sharkey,MS,207,206
28127,Simpson,MS,1583,1565
28129,Smith,MS,862,852
28131,Stone,MS,1381,1388
28133,Sunflower,MS,1123,1092
28135,Tallahatchie,MS,651,635
28137,Tate,MS,1546,1536
28139,Tippah,MS,1105,1095
28141,Tishomingo,MS,1175,1151
28143,Tunica,MS,483,477
28145,Union,MS,1526,1499
28147,Walthall,MS,747,732
28149,Warren,MS,3005,2953
28151,Washington,MS,2720,2671
28153,Wayne,MS,968,956
28155,Webster,MS,640,631
28157,Wilkinson,MS,317,316
28159,Winston,MS,1096,1081
28161,Yalobusha,MS,799,790
28163,Yazoo,MS,1333,1311
29001,Adair,MO,1560,1524
29003,Andrew,MO,1200,1184
29005,Atchison,MO,482,465
29007,Audrain,MO,1828,1777
29009,Barry,MO,3094,3031
29011,Barton,MO,924,899
29013,Bates,MO,1227,1203
29015,Benton,MO,2303,2258
29017,Bollinger,MO,850,822
29019,Boone,MO,10179,10062
29021,Buchanan,MO,7024,6867
29023,Butler,MO,3830,3778
29025,Caldwell,MO,830,811
29027,Callaway,MO,3570,3527
29029,Camden,MO,4599,4509
29031,Cape Girardeau,MO,6124,6032
29033,Carroll,MO,774,757
29035,Carter,MO,628,617
29037,Cass,MO,8517,8441
29039,Cedar,MO,1377,1344
29041,Chariton,MO,630,606
29043,Christian,MO,7038,7031
29045,Clark,MO,479,463
29047,Clay,MO,17767,17604
29049,Clinton,MO,2080,2037
29051,Cole,MO,6607,6474
29053,Cooper,MO,1317,1299
29055,Crawford,MO,2290,2236
29057,Dade,MO,758,744
29059,Dallas,MO,1551,1532
29061,Daviess,MO,736,717
29063,De Kalb,MO,974,931
29065,Dent,MO,1441,1407
29067,Douglas,MO,957,939
29069,Dunklin,MO,2067,2041
29071,Franklin,MO,8218,8131
29073,Gasconade,MO,1455,1420
29075,Gentry,MO,506,494
29077,Greene,MO,21721,21578
29079,Grundy,MO,902,877
29081,Harrison,MO,777,753
29083,Henry,MO,2113,2095
29085,Hickory,MO,896,869
29087,Holt,MO,399,388
29089,Howard,MO,777,760
29091,Howell,MO,3604,3543
29093,Iron,MO,923,900
29095,Jackson,MO,49216,47746
29097,Jasper,MO,8003,7943
29099,Jefferson,MO,18046,17916
29101,Johnson,MO,6305,6503
29103,Knox,MO,294,286
29105,Laclede,MO,3137,3128
29107,Lafayette,MO,2807,2758
29109,Lawrence,MO,3311,3258
29111,Lewis,MO,826,806
29113,Lincoln,MO,3919,3915
29115,Linn,MO,928,907
29117,Livingston,MO,1185,1158
29119,McDonald,MO,1872,1850
29121,Macon,MO,1287,1252
29123,Madison,MO,1132,1111
29125,Maries,MO,953,932
29127,Marion,MO,2250,2204
29129,Mercer,MO,281,273
29131,Miller,MO,2223,2174
29133,Mississippi,MO,843,826
29135,Moniteau,MO,1066,1052
29137,Monroe,MO,611,601
29139,Montgomery,MO,930,914
29141,Morgan,MO,2012,1993
29143,New Madrid,MO,1376,1346
29145,Newton,MO,4490,4431
29147,Nodaway,MO,1336,1307
29149,Oregon,MO,927,902
29151,Osage,MO,1019,992
29153,Ozark,MO,1127,1101
29155,Pemiscot,MO,1127,1110
29157,Perry,MO,1443,1417
29159,Pettis,MO,3593,3533
29161,Phelps,MO,4104,4067
29163,Pike,MO,1355,1324
29165,Platte,MO,6848,6791
29167,Polk,MO,2496,2463
29169,Pulaski,MO,7816,8318
29171,Putnam,MO,475,463
29173,Ralls,MO,826,813
29175,Randolph,MO,1895,1852
29177,Ray,MO,1963,1923
29179,Reynolds,MO,672,652
29181,Ripley,MO,1215,1200
29183,Saint Charles,MO,27011,26722
29185,Saint Clair,MO,1051,1027
29186,Sainte Genevieve,MO,1409,1371
29187,St. Francois,MO,5358,5295
29189,Saint Louis,MO,63594,61182
29195,Saline,MO,1737,1689
29197,Schuyler,MO,283,276
29199,Scotland,MO,365,348
29201,Scott,MO,3048,3006
29203,Shannon,MO,683,669
29205,Shelby,MO,485,471
29207,Stoddard,MO,2579,2533
29209,Stone,MO,3392,3363
29211,Sullivan,MO,413,402
29213,Taney,MO,4906,4851
29215,Texas,MO,2420,2427
29217,Vernon,MO,1657,1606
29219,Warren,MO,2774,2750
29221,Washington,MO,1995,1979
29223,Wayne,MO,1321,1298
29225,Webster,MO,2736,2724
29227,Worth,MO,196,181
29229,Wright,MO,1617,1586
29510,Saint Louis City,MO,18228,17636
30001,Beaverhead,MT,787,770
30003,Big Horn,MT,636,624
30005,Blaine,MT,459,453
30007,Broadwater,MT,654,648
30009,Carbon,MT,1063,1027
30011,Carter,MT,103,100
30013,Cascade,MT,11035,11156
30015,Chouteau,MT,423,408
30017,Custer,MT,1093,1069
30019,Daniels,MT,162,156
30021,Dawson,MT,723,710
30023,Deer Lodge,MT,933,923
30025,Fallon,MT,166,165
30027,Fergus,MT,1043,1012
30029,Flathead,MT,8843,8755
30031,Gallatin,MT,6008,6003
30033,Garfield,MT,73,71
30035,Glacier,MT,711,702
30037,Golden Valley,MT,83,80
30039,Granite,MT,402,388
30041,Hill,MT,1343,1325
30043,Jefferson,MT,1378,1376
30045,Judith Basin,MT,186,180
30047,Lake,MT,2730,2700
30049,Lewis and Clark,MT,6727,6713
30051,Liberty,MT,144,139
30053,Lincoln,MT,2557,2504
30055,McCone,MT,148,143
30057,Madison,MT,748,730
30059,Meagher,MT,202,198
30061,Mineral,MT,571,565
30063,Missoula,MT,8616,8537
30065,Musselshell,MT,568,553
30067,Park,MT,1443,1421
30069,Petroleum,MT,23,22
30071,Phillips,MT,394,386
30073,Pondera,MT,527,505
30075,Powder River,MT,114,114
30077,Powell,MT,740,728
30079,Prairie,MT,118,115
30081,Ravalli,MT,4602,4532
30083,Richland,MT,861,853
30085,Roosevelt,MT,618,616
30087,Rosebud,MT,719,714
30089,Sanders,MT,1446,1418
30091,Sheridan,MT,265,257
30093,Silver Bow,MT,2994,2965
30095,Stillwater,MT,867,847
30097,Sweet Grass,MT,365,358
30099,Teton,MT,636,610
30101,Toole,MT,482,470
30103,Treasure,MT,73,70
30105,Valley,MT,731,701
30107,Wheatland,MT,202,192
30109,Wibaux,MT,98,95
30111,Yellowstone,MT,13719,13508
31001,Adams,NE,2295,2247
31003,Antelope,NE,557,538
31005,Arthur,NE,37,35
31007,Banner,NE,43,42
31009,Blaine,NE,33,32
31011,Boone,NE,445,420
31013,Box Butte,NE,887,867
31015,Boyd,NE,204,197
31017,Brown,NE,261,248
31019,Buffalo,NE,2707,2645
31021,Burt,NE,553,537
31023,Butler,NE,623,602
31025,Cass,NE,2853,2826
31027,Cedar,NE,673,645
31029,Chase,NE,300,286
31031,Cherry,NE,511,497
31033,Cheyenne,NE,732,718
31035,Clay,NE,511,496
31037,Colfax,NE,519,502
31039,Cuming,NE,649,621
31041,Custer,NE,766,746
31043,Dakota,NE,1122,1104
31045,Dawes,NE,711,692
31047,Dawson,NE,1123,1087
31049,Deuel,NE,197,192
31051,Dixon,NE,445,425
31053,Dodge,NE,3015,2944
31055,Douglas,NE,34343,33438
31057,Dundy,NE,182,175
31059,Fillmore,NE,486,464
31061,Franklin,NE,264,252
31063,Frontier,NE,211,199
31065,Furnas,NE,350,326
31067,Gage,NE,1685,1625
31069,Garden,NE,182,177
31071,Garfield,NE,191,181
31073,Gosper,NE,141,139
31075,Grant,NE,72,68
31077,Greeley,NE,202,192
31079,Hall,NE,4116,4004
31081,Hamilton,NE,813,794
31083,Harlan,NE,312,300
31085,Hayes,NE,123,117
31087,Hitchcock,NE,232,225
31089,Holt,NE,818,785
31091,Hooker,NE,70,66
31093,Howard,NE,526,512
31095,Jefferson,NE,587,569
31097,Johnson,NE,348,338
31099,Kearney,NE,540,523
31101,Keith,NE,755,734
31103,Keya Paha,NE,63,60
31105,Kimball,NE,313,307
31107,Knox,NE,765,737
31109,Lancaster,NE,18399,18048
31111,Lincoln,NE,3106,3026
31113,Logan,NE,75,72
31115,Loup,NE,68,65
31117,McPherson,NE,42,40
31119,Madison,NE,2412,2340
31121,Merrick,NE,669,648
31123,Morrill,NE,339,330
31125,Nance,NE,257,248
31127,Nemaha,NE,566,552
31129,Nuckolls,NE,494,474
31131,Otoe,NE,1292,1254
31133,Pawnee,NE,235,224
31135,Perkins,NE,207,196
31137,Phelps,NE,617,595
31139,Pierce,NE,590,569
31141,Platte,NE,2091,2033
31143,Polk,NE,389,374
31145,Red Willow,NE,882,851
31147,Richardson,NE,752,726
31149,Rock,NE,125,120
31151,Saline,NE,852,830
31153,Sarpy,NE,18587,18791
31155,Saunders,NE,1700,1668
31157,Scotts Bluff,NE,2632,2575
31159,Seward,NE,1085,1064
31161,Sheridan,NE,445,431
31163,Sherman,NE,285,274
31165,Sioux,NE,115,112
31167,Stanton,NE,391,380
31169,Thayer,NE,477,455
31171,Thomas,NE,59,56
31173,Thurston,NE,371,363
31175,Valley,NE,388,371
31177,Washington,NE,1548,1509
31179,Wayne,NE,624,602
31181,Webster,NE,314,306
31183,Wheeler,NE,75,74
31185,York,NE,878,858
32001,Churchill,NV,3481,3523
32003,Clark,NV,154047,151579
32005,Douglas,NV,4996,4916
32007,Elko,NV,3178,3187
32009,Esmeralda,NV,100,97
32011,Eureka,NV,272,273
32013,Humboldt,NV,1207,1215
32015,Lander,NV,430,427
32017,Lincoln,NV,422,419
32019,Lyon,NV,6413,6445
32021,Mineral,NV,609,600
32023,Nye,NV,6288,6261
32027,Pershing,NV,493,486
32029,Storey,NV,466,465
32031,Washoe,NV,36882,36096
32033,White Pine,NV,787,783
32510,Carson City,NV,5345,5223
33001,Belknap,NH,5805,5678
33003,Carroll,NH,4855,4729
33005,Cheshire,NH,6640,6460
33007,Coos,NH,3428,3365
33009,Grafton,NH,7472,7276
33011,Hillsborough,NH,30835,29963
33013,Merrimack,NH,13167,12818
33015,Rockingham,NH,23845,23281
33017,Strafford,NH,10854,10650
33019,Sullivan,NH,3973,3898
34001,Atlantic,NJ,16001,15558
34003,Bergen,NJ,31474,29500
34005,Burlington,NJ,33602,32631
34007,Camden,NJ,28534,27505
34009,Cape May,NJ,8439,8195
34011,Cumberland,NJ,7807,7624
34013,Essex,NJ,24545,23251
34015,Gloucester,NJ,17213,16835
34017,Hudson,NJ,15205,14567
34019,Hunterdon,NJ,6377,6052
34021,Mercer,NJ,14228,13576
34023,Middlesex,NJ,28711,27266
34025,Monmouth,NJ,28503,27102
34027,Morris,NJ,21343,20206
34029,Ocean,NJ,42428,41058
34031,Passaic,NJ,15562,14904
34033,Salem,NJ,4506,4371
34035,Somerset,NJ,11338,10684
34037,Sussex,NJ,8493,8199
34039,Union,NJ,17109,16253
34041,Warren,NJ,6426,6182
35001,Bernalillo,NM,54555,53591
35003,Catron,NM,347,339
35005,Chaves,NM,5228,5098
35006,Cibola,NM,1793,1756
35007,Colfax,NM,1392,1363
35009,Curry,NM,4978,5169
35011,De Baca,NM,207,192
35013,Dona Ana,NM,14536,14459
35015,Eddy,NM,3959,3904
35017,Grant,NM,3245,3189
35019,Guadalupe,NM,312,305
35021,Harding,NM,118,113
35023,Hidalgo,NM,314,311
35025,Lea,NM,3553,3461
35027,Lincoln,NM,2206,2172
35028,Los Alamos,NM,1412,1353
35029,Luna,NM,2110,2079
35031,McKinley,NM,3242,3171
35033,Mora,NM,340,334
35035,Otero,NM,8594,8680
35037,Quay,NM,880,857
35039,Rio Arriba,NM,2288,2217
35041,Roosevelt,NM,1147,1174
35043,Sandoval,NM,12438,12433
35045,San Juan,NM,7983,7831
35047,San Miguel,NM,2186,2111
35049,Santa Fe,NM,10375,10105
35051,Sierra,NM,1950,1919
35053,Socorro,NM,1167,1119
35055,Taos,NM,2633,2571
35057,Torrance,NM,1274,1261
35059,Union,NM,341,327
35061,Valencia,NM,6452,6346
36001,Albany,NY,17108,16543
36003,Allegany,NY,4094,4017
36005,Bronx,NY,31554,30554
36007,Broome,NY,13950,13495
36009,Cattaraugus,NY,6995,6811
36011,Cayuga,NY,5855,5719
36013,Chautauqua,NY,10587,10305
36015,Chemung,NY,7510,7307
36017,Chenango,NY,4166,4060
36019,Clinton,NY,7657,7445
36021,Columbia,NY,4288,4106
36023,Cortland,NY,3123,3043
36025,Delaware,NY,3531,3407
36027,Dutchess,NY,15649,14951
36029,Erie,NY,60697,58517
36031,Essex,NY,3454,3365
36033,Franklin,NY,3760,3654
36035,Fulton,NY,4135,4029
36037,Genesee,NY,4566,4430
36039,Greene,NY,3804,3702
36041,Hamilton,NY,597,576
36043,Herkimer,NY,5433,5264
36045,Jefferson,NY,14118,14805
36047,Kings,NY,46445,44347
36049,Lewis,NY,2366,2331
36051,Livingston,NY,3722,3657
36053,Madison,NY,5215,5087
36055,Monroe,NY,41465,39801
36057,Montgomery,NY,3623,3512
36059,Nassau,NY,52137,48869
36061,New York,NY,37403,35092
36063,Niagara,NY,15900,15527
36065,Oneida,NY,17677,17081
36067,Onondaga,NY,30489,29441
36069,Ontario,NY,8182,8000
36071,Orange,NY,21706,21198
36073,Orleans,NY,3058,2982
36075,Oswego,NY,9749,9530
36077,Otsego,NY,4531,4394
36079,Putnam,NY,4590,4404
36081,Queens,NY,50244,47672
36083,Rensselaer,NY,10630,10370
36085,Richmond,NY,18138,17415
36087,Rockland,NY,9664,9176
36089,Saint Lawrence,NY,8911,8718
36091,Saratoga,NY,18437,18140
36093,Schenectady,NY,9837,9489
36095,Schoharie,NY,2700,2641
36097,Schuyler,NY,1633,1604
36099,Seneca,NY,2734,2664
36101,Steuben,NY,9312,9131
36103,Suffolk,NY,71848,68418
36105,Sullivan,NY,4614,4461
36107,Tioga,NY,4365,4275
36109,Tompkins,NY,4356,4222
36111,Ulster,NY,11049,10668
36113,Warren,NY,6187,5977
36115,Washington,NY,5147,5045
36117,Wayne,NY,7199,7038
36119,Westchester,NY,31423,29663
36121,Wyoming,NY,2922,2850
36123,Yates,NY,1886,1835
37001,Alamance,NC,9950,9832
37003,Alexander,NC,2311,2284
37005,Alleghany,NC,877,863
37007,Anson,NC,1566,1532
37009,Ashe,NC,1943,1896
37011,Avery,NC,1210,1178
37013,Beaufort,NC,3636,3571
37015,Bertie,NC,1148,1124
37017,Bladen,NC,2057,2065
37019,Brunswick,NC,13659,13741
37021,Buncombe,NC,19126,18739
37023,Burke,NC,6938,6811
37025,Cabarrus,NC,13028,13007
37027,Caldwell,NC,5638,5526
37029,Camden,NC,1223,1247
37031,Carteret,NC,8046,8042
37033,Caswell,NC,1608,1570
37035,Catawba,NC,10043,9901
37037,Chatham,NC,5445,5380
37039,Cherokee,NC,2743,2695
37041,Chowan,NC,1293,1273
37043,Clay,NC,1118,1100
37045,Cleveland,NC,6374,6299
37047,Columbus,NC,3885,3854
37049,Craven,NC,15226,15848
37051,Cumberland,NC,56746,58013
37053,Currituck,NC,3199,3216
37055,Dare,NC,3231,3186
37057,Davidson,NC,10804,10705
37059,Davie,NC,3000,2956
37061,Duplin,NC,3509,3460
37063,Durham,NC,15118,14909
37065,Edgecombe,NC,3554,3507
37067,Forsyth,NC,24210,23883
37069,Franklin,NC,3810,3836
37071,Gaston,NC,14580,14438
37073,Gates,NC,1083,1092
37075,Graham,NC,570,565
37077,Granville,NC,3834,3826
37079,Greene,NC,1095,1080
37081,Guilford,NC,31809,31149
37083,Halifax,NC,3329,3275
37085,Harnett,NC,14046,14367
37087,Haywood,NC,5821,5748
37089,Henderson,NC,9540,9413
37091,Hertford,NC,1471,1453
37093,Hoke,NC,6831,7099
37095,Hyde,NC,271,269
37097,Iredell,NC,10559,10483
37099,Jackson,NC,2998,2953
37101,Johnston,NC,13285,13353
37103,Jones,NC,1123,1114
37105,Lee,NC,4919,4861
37107,Lenoir,NC,4334,4286
37109,Lincoln,NC,5258,5223
37111,McDowell,NC,3446,3394
37113,Macon,NC,3715,3656
37115,Madison,NC,1516,1489
37117,Martin,NC,1699,1678
37119,Mecklenburg,NC,51229,50793
37121,Mitchell,NC,1069,1043
37123,Montgomery,NC,1758,1731
37125,Moore,NC,10111,10069
37127,Nash,NC,6506,6491
37129,New Hanover,NC,16089,15978
37131,Northampton,NC,1506,1485
37133,Onslow,NC,31564,34739
37135,Orange,NC,5675,5606
37137,Pamlico,NC,1422,1389
37139,Pasquotank,NC,4330,4399
37141,Pender,NC,5319,5365
37143,Perquimans,NC,1525,1517
37145,Person,NC,2772,2744
37147,Pitt,NC,10767,10747
37149,Polk,NC,1916,1851
37151,Randolph,NC,9278,9168
37153,Richmond,NC,3386,3337
37155,Robeson,NC,7558,7541
37157,Rockingham,NC,6482,6409
37159,Rowan,NC,10349,10235
37161,Rutherford,NC,4522,4454
37163,Sampson,NC,3985,3934
37165,Scotland,NC,2534,2490
37167,Stanly,NC,4040,3976
37169,Stokes,NC,3241,3185
37171,Surry,NC,4643,4548
37173,Swain,NC,1069,1061
37175,Transylvania,NC,3443,3357
37177,Tyrrell,NC,264,258
37179,Union,NC,12101,12094
37181,Vance,NC,2595,2564
37183,Wake,NC,52454,52400
37185,Warren,NC,1528,1509
37187,Washington,NC,787,775
37189,Watauga,NC,2902,2804
37191,Wayne,NC,12446,12604
37193,Wilkes,NC,4868,4742
37195,Wilson,NC,5239,5163
37197,Yadkin,NC,2283,2252
37199,Yancey,NC,1280,1258
38001,Adams,ND,205,201
38003,Barnes,ND,804,785
38005,Benson,ND,390,379
38007,Billings,ND,103,102
38009,Bottineau,ND,528,521
38011,Bowman,ND,230,221
38013,Burke,ND,159,155
38015,Burleigh,ND,6695,6628
38017,Cass,ND,10306,10178
38019,Cavalier,ND,341,331
38021,Dickey,ND,343,328
38023,Divide,ND,197,194
38025,Dunn,ND,368,362
38027,Eddy,ND,167,162
38029,Emmons,ND,268,260
38031,Foster,ND,225,217
38033,Golden Valley,ND,139,134
38035,Grand Forks,ND,4800,4785
38037,Grant,ND,197,189
38039,Griggs,ND,199,190
38041,Hettinger,ND,203,195
38043,Kidder,ND,151,146
38045,La Moure,ND,265,255
38047,Logan,ND,144,138
38049,McHenry,ND,478,470
38051,McIntosh,ND,215,200
38053,McKenzie,ND,789,788
38055,McLean,ND,852,823
38057,Mercer,ND,678,666
38059,Morton,ND,2087,2070
38061,Mountrail,ND,538,532
38063,Nelson,ND,305,291
38065,Oliver,ND,109,107
38067,Pembina,ND,550,529
38069,Pierce,ND,314,298
38071,Ramsey,ND,965,934
38073,Ransom,ND,361,349
38075,Renville,ND,280,282
38077,Richland,ND,1031,1008
38079,Rolette,ND,610,600
38081,Sargent,ND,280,275
38083,Sheridan,ND,120,115
38085,Sioux,ND,206,204
38087,Slope,ND,50,48
38089,Stark,ND,1899,1867
38091,Steele,ND,189,183
38093,Stutsman,ND,1528,1479
38095,Towner,ND,167,160
38097,Traill,ND,610,592
38099,Walsh,ND,820,790
38101,Ward,ND,6539,6933
38103,Wells,ND,300,290
38105,Williams,ND,2079,2099
39001,Adams,OH,1930,1886
39003,Allen,OH,7397,7218
39005,Ashland,OH,4144,4036
39007,Ashtabula,OH,8705,8437
39009,Athens,OH,3416,3357
39011,Auglaize,OH,3343,3255
39013,Belmont,OH,5528,5377
39015,Brown,OH,3562,3500
39017,Butler,OH,24440,23946
39019,Carroll,OH,2480,2418
39021,Champaign,OH,3203,3141
39023,Clark,OH,13846,13514
39025,Clermont,OH,15084,14833
39027,Clinton,OH,3284,3245
39029,Columbiana,OH,9181,8957
39031,Coshocton,OH,2838,2759
39033,Crawford,OH,3689,3607
39035,Cuyahoga,OH,75776,72820
39037,Darke,OH,3950,3797
39039,Defiance,OH,2789,2722
39041,Delaware,OH,10118,10037
39043,Erie,OH,6505,6356
39045,Fairfield,OH,11303,11193
39047,Fayette,OH,2200,2156
39049,Franklin,OH,71893,70153
39051,Fulton,OH,2868,2796
39053,Gallia,OH,2318,2278
39055,Geauga,OH,5466,5270
39057,Greene,OH,17070,16976
39059,Guernsey,OH,3241,3164
39061,Hamilton,OH,47836,45934
39063,Hancock,OH,5639,5466
39065,Hardin,OH,2115,2081
39067,Harrison,OH,1391,1354
39069,Henry,OH,2175,2098
39071,Highland,OH,3430,3374
39073,Hocking,OH,2329,2287
39075,Holmes,OH,1517,1469
39077,Huron,OH,4257,4177
39079,Jackson,OH,2493,2455
39081,Jefferson,OH,5576,5442
39083,Knox,OH,4501,4450
39085,Lake,OH,17228,16660
39087,Lawrence,OH,4802,4723
39089,Licking,OH,13681,13539
39091,Logan,OH,3570,3485
39093,Lorain,OH,23879,23381
39095,Lucas,OH,27570,26664
39097,Madison,OH,2860,2815
39099,Mahoning,OH,18362,17660
39101,Marion,OH,5105,4937
39103,Medina,OH,12681,12421
39105,Meigs,OH,1856,1822
39107,Mercer,OH,2673,2586
39109,Miami,OH,8753,8570
39111,Monroe,OH,1282,1244
39113,Montgomery,OH,45711,44379
39115,Morgan,OH,1216,1204
39117,Morrow,OH,2790,2736
39119,Muskingum,OH,6737,6600
39121,Noble,OH,999,984
39123,Ottawa,OH,3723,3601
39125,Paulding,OH,1503,1464
39127,Perry,OH,2625,2608
39129,Pickaway,OH,4284,4209
39131,Pike,OH,2060,2017
39133,Portage,OH,11103,10836
39135,Preble,OH,3262,3190
39137,Putnam,OH,1864,1809
39139,Richland,OH,9929,9717
39141,Ross,OH,6292,6182
39143,Sandusky,OH,4567,4440
39145,Scioto,OH,5786,5690
39147,Seneca,OH,4087,3976
39149,Shelby,OH,3349,3273
39151,Stark,OH,27400,26646
39153,Summit,OH,37095,35841
39155,Trumbull,OH,18658,18072
39157,Tuscarawas,OH,6782,6627
39159,Union,OH,3295,3240
39161,Van Wert,OH,2090,2027
39163,Vinton,OH,989,959
39165,Warren,OH,15337,15083
39167,Washington,OH,5449,5308
39169,Wayne,OH,7189,7026
39171,Williams,OH,2714,2650
39173,Wood,OH,8169,7968
39175,Wyandot,OH,1657,1604
40001,Adair,OK,1370,1349
40003,Alfalfa,OK,479,471
40005,Atoka,OK,1048,1039
40007,Beaver,OK,322,315
40009,Beckham,OK,1247,1233
40011,Blaine,OK,669,661
40013,Bryan,OK,3218,3216
40015,Caddo,OK,2140,2102
40017,Canadian,OK,10454,10571
40019,Carter,OK,3641,3597
40021,Cherokee,OK,3513,3464
40023,Choctaw,OK,1159,1149
40025,Cimarron,OK,138,132
40027,Cleveland,OK,22022,22316
40029,Coal,OK,381,372
40031,Comanche,OK,18400,19010
40033,Cotton,OK,567,561
40035,Craig,OK,1234,1213
40037,Creek,OK,6255,6186
40039,Custer,OK,1862,1829
40041,Delaware,OK,4022,3961
40043,Dewey,OK,344,333
40045,Ellis,OK,289,285
40047,Garfield,OK,5401,5321
40049,Garvin,OK,1925,1893
40051,Grady,OK,4167,4191
40053,Grant,OK,357,350
40055,Greer,OK,435,432
40057,Harmon,OK,204,198
40059,Harper,OK,195,187
40061,Haskell,OK,952,934
40063,Hughes,OK,1042,1022
40065,Jackson,OK,3279,3292
40067,Jefferson,OK,434,426
40069,Johnston,OK,823,813
40071,Kay,OK,3666,3574
40073,Kingfisher,OK,746,733
40075,Kiowa,OK,784,771
40077,Latimer,OK,896,879
40079,Le Flore,OK,4052,3983
40081,Lincoln,OK,3197,3159
40083,Logan,OK,3669,3722
40085,Love,OK,669,658
40087,McClain,OK,2852,2862
40089,McCurtain,OK,2363,2332
40091,McIntosh,OK,2092,2062
40093,Major,OK,592,579
40095,Marshall,OK,1226,1205
40097,Mayes,OK,3597,3538
40099,Murray,OK,1186,1168
40101,Muskogee,OK,5900,5850
40103,Noble,OK,827,815
40105,Nowata,OK,829,818
40107,Okfuskee,OK,909,894
40109,Oklahoma,OK,58515,57611
40111,Okmulgee,OK,3333,3280
40113,Osage,OK,3744,3684
40115,Ottawa,OK,2652,2610
40117,Pawnee,OK,1376,1356
40119,Payne,OK,4385,4362
40121,Pittsburg,OK,4057,4006
40123,Pontotoc,OK,2646,2611
40125,Pottawatomie,OK,6211,6194
40127,Pushmataha,OK,1050,1026
40129,Roger Mills,OK,246,238
40131,Rogers,OK,8611,8505
40133,Seminole,OK,1958,1916
40135,Sequoyah,OK,3259,3218
40137,Stephens,OK,3947,3873
40139,Texas,OK,648,633
40141,Tillman,OK,591,574
40143,Tulsa,OK,44112,43150
40145,Wagoner,OK,6428,6423
40147,Washington,OK,4283,4181
40149,Washita,OK,858,844
40151,Woods,OK,558,554
40153,Woodward,OK,1219,1198
41001,Baker,OR,1892,1869
41003,Benton,OR,5962,5792
41005,Clackamas,OR,30625,30006
41007,Clatsop,OR,3991,3940
41009,Columbia,OR,5045,4997
41011,Coos,OR,7610,7465
41013,Crook,OR,2391,2367
41015,Curry,OR,3310,3216
41017,Deschutes,OR,15170,14994
41019,Douglas,OR,13352,13153
41021,Gilliam,OR,245,242
41023,Grant,OR,772,749
41025,Harney,OR,678,664
41027,Hood River,OR,1347,1307
41029,Jackson,OR,21071,20566
41031,Jefferson,OR,1740,1726
41033,Josephine,OR,9044,8879
41035,Klamath,OR,7911,7814
41037,Lake,OR,884,858
41039,Lane,OR,31178,30464
41041,Lincoln,OR,5684,5557
41043,Linn,OR,12075,11933
41045,Malheur,OR,2084,2035
41047,Marion,OR,23379,22849
41049,Morrow,OR,876,863
41051,Multnomah,OR,43117,41815
41053,Polk,OR,6844,6753
41055,Sherman,OR,211,205
41057,Tillamook,OR,2603,2533
41059,Umatilla,OR,5654,5583
41061,Union,OR,2149,2140
41063,Wallowa,OR,739,716
41065,Wasco,OR,2640,2580
41067,Washington,OR,36271,35395
41069,Wheeler,OR,183,178
41071,Yamhill,OR,8252,8130
42001,Adams,PA,9102,8882
42003,Allegheny,PA,87782,84170
42005,Armstrong,PA,5809,5641
42007,Beaver,PA,15404,14947
42009,Bedford,PA,4036,3937
42011,Berks,PA,25281,24508
42013,Blair,PA,11123,10853
42015,Bradford,PA,5665,5541
42017,Bucks,PA,37428,35848
42019,Butler,PA,14476,14134
42021,Cambria,PA,12210,11923
42023,Cameron,PA,559,544
42025,Carbon,PA,5412,5296
42027,Centre,PA,8243,8047
42029,Chester,PA,26049,25304
42031,Clarion,PA,2935,2876
42033,Clearfield,PA,7123,6914
42035,Clinton,PA,3244,3148
42037,Columbia,PA,4930,4807
42039,Crawford,PA,7341,7180
42041,Cumberland,PA,21163,20788
42043,Dauphin,PA,19830,19468
42045,Delaware,PA,30758,29581
42047,Elk,PA,2891,2796
42049,Erie,PA,21769,21143
42051,Fayette,PA,10582,10311
42053,Forest,PA,640,620
42055,Franklin,PA,13324,13054
42057,Fulton,PA,1233,1205
42059,Greene,PA,3088,3006
42061,Huntingdon,PA,3635,3547
42063,Indiana,PA,6073,5928
42065,Jefferson,PA,3845,3737
42067,Juniata,PA,1548,1498
42069,Lackawanna,PA,16012,15481
42071,Lancaster,PA,32440,31588
42073,Lawrence,PA,7419,7164
42075,Lebanon,PA,11160,10948
42077,Lehigh,PA,21948,21268
42079,Luzerne,PA,25583,24703
42081,Lycoming,PA,9140,8944
42083,McKean,PA,3864,3754
42085,Mercer,PA,10202,9831
42087,Mifflin,PA,4110,3996
42089,Monroe,PA,10661,10454
42091,Montgomery,PA,44186,42223
42093,Montour,PA,1582,1528
42095,Northampton,PA,20993,20406
42097,Northumberland,PA,8008,7799
42099,Perry,PA,3831,3758
42101,Philadelphia,PA,70778,67966
42103,Pike,PA,5026,4929
42105,Potter,PA,1732,1687
42107,Schuylkill,PA,12617,12331
42109,Snyder,PA,2361,2300
42111,Somerset,PA,6413,6249
42113,Sullivan,PA,741,718
42115,Susquehanna,PA,3650,3558
42117,Tioga,PA,3840,3768
42119,Union,PA,2789,2731
42121,Venango,PA,5293,5157
42123,Warren,PA,3993,3888
42125,Washington,PA,16903,16436
42127,Wayne,PA,4588,4483
42129,Westmoreland,PA,29740,28774
42131,Wyoming,PA,2276,2222
42133,York,PA,33893,33285
44001,Bristol,RI,3056,2945
44003,Kent,RI,13252,12805
44005,Newport,RI,7759,7628
44007,Providence,RI,34138,32838
44009,Washington,RI,9535,9254
45001,Abbeville,SC,1788,1769
45003,Aiken,SC,14106,13991
45005,Allendale,SC,536,531
45007,Anderson,SC,15648,15444
45009,Bamberg,SC,1277,1264
45011,Barnwell,SC,1341,1333
45013,Beaufort,SC,21919,22735
45015,Berkeley,SC,22336,22816
45017,Calhoun,SC,1050,1049
45019,Charleston,SC,33169,32530
45021,Cherokee,SC,3745,3702
45023,Chester,SC,2380,2339
45025,Chesterfield,SC,2816,2781
45027,Clarendon,SC,2750,2732
45029,Colleton,SC,4037,3963
45031,Darlington,SC,5175,5118
45033,Dillon,SC,2040,2016
45035,Dorchester,SC,17081,17276
45037,Edgefield,SC,1802,1796
45039,Fairfield,SC,1672,1665
45041,Florence,SC,10247,10158
45043,Georgetown,SC,6235,6169
45045,Greenville,SC,32199,31849
45047,Greenwood,SC,4864,4778
45049,Hampton,SC,1345,1341
45051,Horry,SC,29478,29557
45053,Jasper,SC,2150,2144
45055,Kershaw,SC,6218,6210
45057,Lancaster,SC,5361,5380
45059,Laurens,SC,5150,5044
45061,Lee,SC,1063,1062
45063,Lexington,SC,23680,23560
45065,McCormick,SC,1064,1041
45067,Marion,SC,2289,2276
45069,Marlboro,SC,2028,2005
45071,Newberry,SC,2580,2544
45073,Oconee,SC,6432,6356
45075,Orangeburg,SC,6581,6482
45077,Pickens,SC,7401,7339
45079,Richland,SC,36870,36941
45081,Saluda,SC,1299,1283
45083,Spartanburg,SC,20492,20300
45085,Sumter,SC,12476,12685
45087,Union,SC,2053,2010
45089,Williamsburg,SC,2024,2013
45091,York,SC,16572,16572
46003,Aurora,SD,223,216
46005,Beadle,SD,1178,1160
46007,Bennett,SD,186,181
46009,Bon Homme,SD,516,503
46011,Brookings,SD,1944,1913
46013,Brown,SD,2612,2562
46015,Brule,SD,350,345
46017,Buffalo,SD,113,112
46019,Butte,SD,1002,994
46021,Campbell,SD,104,101
46023,Charles Mix,SD,640,628
46025,Clark,SD,244,237
46027,Clay,SD,776,770
46029,Codington,SD,2133,2110
46031,Corson,SD,242,238
46033,Custer,SD,1184,1164
46035,Davison,SD,1398,1376
46037,Day,SD,578,565
46039,Deuel,SD,356,347
46041,Dewey,SD,386,379
46043,Douglas,SD,285,270
46045,Edmunds,SD,292,281
46047,Fall River,SD,960,931
46049,Faulk,SD,183,176
46051,Grant,SD,568,562
46053,Gregory,SD,347,338
46055,Haakon,SD,123,120
46057,Hamlin,SD,448,439
46059,Hand,SD,254,245
46061,Hanson,SD,219,216
46063,Harding,SD,63,63
46065,Hughes,SD,1308,1289
46067,Hutchinson,SD,512,501
46069,Hyde,SD,106,103
46071,Jackson,SD,203,198
46073,Jerauld,SD,136,133
46075,Jones,SD,55,53
46077,Kingsbury,SD,381,371
46079,Lake,SD,924,909
46081,Lawrence,SD,2218,2190
46083,Lincoln,SD,2953,3003
46085,Lyman,SD,244,238
46087,McCook,SD,408,404
46089,McPherson,SD,249,241
46091,Marshall,SD,309,302
46093,Meade,SD,3102,3228
46095,Mellette,SD,87,87
46097,Miner,SD,161,155
46099,Minnehaha,SD,12643,12539
46101,Moody,SD,460,455
46102,Oglala Lakota,SD,655,648
46103,Pennington,SD,12376,12418
46105,Perkins,SD,237,230
46107,Potter,SD,205,200
46109,Roberts,SD,766,750
46111,Sanborn,SD,197,190
46115,Spink,SD,467,457
46117,Stanley,SD,204,200
46119,Sully,SD,79,77
46121,Todd,SD,483,479
46123,Tripp,SD,349,338
46125,Turner,SD,637,628
46127,Union,SD,1180,1170
46129,Walworth,SD,434,422
46135,Yankton,SD,1690,1669
46137,Ziebach,SD,80,75
47001,Anderson,TN,6652,6557
47003,Bedford,TN,3127,3091
47005,Benton,TN,1618,1605
47007,Bledsoe,TN,966,952
47009,Blount,TN,11383,11273
47011,Bradley,TN,7704,7624
47013,Campbell,TN,2936,2894
47015,Cannon,TN,1083,1076
47017,Carroll,TN,2291,2267
47019,Carter,TN,5023,4952
47021,Cheatham,TN,3078,3087
47023,Chester,TN,1132,1114
47025,Claiborne,TN,1916,1909
47027,Clay,TN,556,552
47029,Cocke,TN,2912,2910
47031,Coffee,TN,4987,4958
47033,Crockett,TN,822,811
47035,Cumberland,TN,6923,6876
47037,Davidson,TN,33737,33007
47039,Decatur,TN,976,956
47041,De Kalb,TN,1224,1225
47043,Dickson,TN,4027,4019
47045,Dyer,TN,2544,2520
47047,Fayette,TN,2756,2762
47049,Fentress,TN,1280,1279
47051,Franklin,TN,3735,3702
47053,Gibson,TN,3617,3573
47055,Giles,TN,2225,2205
47057,Grainger,TN,1450,1443
47059,Greene,TN,5233,5203
47061,Grundy,TN,952,939
47063,Hamblen,TN,4646,4596
47065,Hamilton,TN,24438,23854
47067,Hancock,TN,373,372
47069,Hardeman,TN,1574,1544
47071,Hardin,TN,2165,2142
47073,Hawkins,TN,4813,4788
47075,Haywood,TN,1247,1235
47077,Henderson,TN,1742,1739
47079,Henry,TN,3334,3297
47081,Hickman,TN,1687,1689
47083,Houston,TN,749,741
47085,Humphreys,TN,1622,1600
47087,Jackson,TN,813,813
47089,Jefferson,TN,4410,4398
47091,Johnson,TN,1368,1347
47093,Knox,TN,31511,30972
47095,Lake,TN,375,366
47097,Lauderdale,TN,1558,1542
47099,Lawrence,TN,2832,2804
47101,Lewis,TN,862,863
47103,Lincoln,TN,2662,2656
47105,Loudon,TN,5104,5074
47107,McMinn,TN,4036,4022
47109,McNairy,TN,2042,2008
47111,Macon,TN,1401,1395
47113,Madison,TN,6636,6538
47115,Marion,TN,2214,2193
47117,Marshall,TN,2141,2138
47119,Maury,TN,5826,5818
47121,Meigs,TN,1002,996
47123,Monroe,TN,3758,3749
47125,Montgomery,TN,32446,33767
47127,Moore,TN,525,524
47129,Morgan,TN,1783,1764
47131,Obion,TN,2245,2220
47133,Overton,TN,1340,1337
47135,Perry,TN,571,567
47137,Pickett,TN,545,538
47139,Polk,TN,1242,1236
47141,Putnam,TN,4678,4667
47143,Rhea,TN,2443,2442
47145,Roane,TN,5284,5215
47147,Robertson,TN,5218,5193
47149,Rutherford,TN,20133,20281
47151,Scott,TN,1213,1217
47153,Sequatchie,TN,1178,1165
47155,Sevier,TN,8245,8177
47157,Shelby,TN,57164,55617
47159,Smith,TN,1315,1313
47161,Stewart,TN,1777,1789
47163,Sullivan,TN,12823,12596
47165,Sumner,TN,12624,12614
47167,Tipton,TN,5076,5091
47169,Trousdale,TN,458,459
47171,Unicoi,TN,1522,1515
47173,Union,TN,1224,1219
47175,Van Buren,TN,435,430
47177,Warren,TN,2495,2429
47179,Washington,TN,10246,10206
47181,Wayne,TN,1119,1106
47183,Weakley,TN,2401,2360
47185,White,TN,2090,2094
47187,Williamson,TN,10017,9964
47189,Wilson,TN,8919,8940
48001,Anderson,TX,3481,3441
48003,Andrews,TX,687,686
48005,Angelina,TX,5801,5712
48007,Aransas,TX,2656,2623
48009,Archer,TX,690,681
48011,Armstrong,TX,186,177
48013,Atascosa,TX,3091,3087
48015,Austin,TX,1794,1765
48017,Bailey,TX,353,332
48019,Bandera,TX,2642,2607
48021,Bastrop,TX,5723,5763
48023,Baylor,TX,242,236
48025,Bee,TX,2171,2129
48027,Bell,TX,57147,58869
48029,Bexar,TX,163633,163643
48031,Blanco,TX,1001,1004
48033,Borden,TX,49,47
48035,Bosque,TX,1582,1558
48037,Bowie,TX,7551,7507
48039,Brazoria,TX,19022,18926
48041,Brazos,TX,8466,8421
48043,Brewster,TX,894,884
48045,Briscoe,TX,88,82
48047,Brooks,TX,292,284
48049,Brown,TX,3201,3144
48051,Burleson,TX,1387,1360
48053,Burnet,TX,3979,3984
48055,Caldwell,TX,2505,2495
48057,Calhoun,TX,1433,1397
48059,Callahan,TX,1363,1346
48061,Cameron,TX,16260,16007
48063,Camp,TX,869,860
48065,Carson,TX,396,388
48067,Cass,TX,2606,2563
48069,Castro,TX,252,243
48071,Chambers,TX,2317,2380
48073,Cherokee,TX,3327,3261
48075,Childress,TX,519,505
48077,Clay,TX,898,885
48079,Cochran,TX,130,127
48081,Coke,TX,272,263
48083,Coleman,TX,734,720
48085,Collin,TX,44668,45262
48087,Collingsworth,TX,184,176
48089,Colorado,TX,1328,1283
48091,Comal,TX,12832,13247
48093,Comanche,TX,1027,1001
48095,Concho,TX,182,176
48097,Cooke,TX,2829,2792
48099,Coryell,TX,12468,13012
48101,Cottle,TX,94,91
48103,Crane,TX,162,160
48105,Crockett,TX,149,152
48107,Crosby,TX,265,258
48109,Culberson,TX,115,112
48111,Dallam,TX,368,360
48113,Dallas,TX,103980,101081
48115,Dawson,TX,546,533
48117,Deaf Smith,TX,644,616
48119,Delta,TX,565,557
48121,Denton,TX,40821,41188
48123,De Witt,TX,1345,1320
48125,Dickens,TX,180,174
48127,Dimmit,TX,413,394
48129,Donley,TX,270,261
48131,Duval,TX,597,579
48133,Eastland,TX,1505,1465
48135,Ector,TX,7132,7027
48137,Edwards,TX,153,151
48139,Ellis,TX,11076,11211
48141,El Paso,TX,56747,57806
48143,Erath,TX,2103,2074
48145,Falls,TX,1277,1248
48147,Fannin,TX,3101,3051
48149,Fayette,TX,1828,1782
48151,Fisher,TX,309,301
48153,Floyd,TX,356,342
48155,Foard,TX,94,90
48157,Fort Bend,TX,27536,27837
48159,Franklin,TX,867,862
48161,Freestone,TX,1282,1262
48163,Frio,TX,947,930
48165,Gaines,TX,496,488
48167,Galveston,TX,24394,23973
48169,Garza,TX,211,208
48171,Gillespie,TX,2385,2335
48173,Glasscock,TX,55,52
48175,Goliad,TX,556,543
48177,Gonzales,TX,1142,1119
48179,Gray,TX,1435,1404
48181,Grayson,TX,9528,9490
48183,Gregg,TX,8621,8437
48185,Grimes,TX,1780,1765
48187,Guadalupe,TX,18068,18668
48189,Hale,TX,1431,1383
48191,Hall,TX,242,232
48193,Hamilton,TX,818,798
48195,Hansford,TX,218,208
48197,Hardeman,TX,206,204
48199,Hardin,TX,4271,4210
48201,Harris,TX,185085,181297
48203,Harrison,TX,4557,4525
48205,Hartley,TX,259,244
48207,Haskell,TX,300,291
48209,Hays,TX,12195,12452
48211,Hemphill,TX,215,206
48213,Henderson,TX,6900,6820
48215,Hidalgo,TX,21525,21164
48217,Hill,TX,2828,2779
48219,Hockley,TX,1134,1098
48221,Hood,TX,5645,5632
48223,Hopkins,TX,2456,2433
48225,Houston,TX,1814,1761
48227,Howard,TX,2418,2385
48229,Hudspeth,TX,148,144
48231,Hunt,TX,7676,7627
48233,Hutchinson,TX,1469,1437
48235,Irion,TX,115,113
48237,Jack,TX,531,523
48239,Jackson,TX,939,914
48241,Jasper,TX,2567,2525
48243,Jeff Davis,TX,178,172
48245,Jefferson,TX,17174,16736
48247,Jim Hogg,TX,313,304
48249,Jim Wells,TX,2025,1995
48251,Johnson,TX,11039,11119
48253,Jones,TX,1163,1131
48255,Karnes,TX,801,784
48257,Kaufman,TX,7665,7786
48259,Kendall,TX,3216,3247
48261,Kenedy,TX,13,12
48263,Kent,TX,48,46
48265,Kerr,TX,5674,5513
48267,Kimble,TX,448,434
48269,King,TX,2,2
48271,Kinney,TX,349,332
48273,Kleberg,TX,2067,2039
48275,Knox,TX,213,205
48277,Lamar,TX,3803,3756
48279,Lamb,TX,632,611
48281,Lampasas,TX,3172,3191
48283,La Salle,TX,137,139
48285,Lavaca,TX,1321,1262
48287,Lee,TX,1234,1203
48289,Leon,TX,1560,1533
48291,Liberty,TX,5176,5116
48293,Limestone,TX,1559,1521
48295,Lipscomb,TX,170,164
48297,Live Oak,TX,1106,1078
48299,Llano,TX,2608,2554
48301,Loving,TX,4,4
48303,Lubbock,TX,15979,15696
48305,Lynn,TX,255,248
48307,McCulloch,TX,613,606
48309,McLennan,TX,16277,15959
48311,McMullen,TX,45,42
48313,Madison,TX,847,832
48315,Marion,TX,1117,1090
48317,Martin,TX,199,199
48319,Mason,TX,314,306
48321,Matagorda,TX,2397,2340
48323,Maverick,TX,1252,1254
48325,Medina,TX,4305,4277
48327,Menard,TX,174,166
48329,Midland,TX,7713,7673
48331,Milam,TX,1853,1816
48333,Mills,TX,387,372
48335,Mitchell,TX,406,402
48337,Montague,TX,1699,1668
48339,Montgomery,TX,33993,34272
48341,Moore,TX,795,780
48343,Morris,TX,1066,1051
48345,Motley,TX,74,71
48347,Nacogdoches,TX,3417,3390
48349,Navarro,TX,3138,3086
48351,Newton,TX,1157,1147
48353,Nolan,TX,1036,1019
48355,Nueces,TX,27869,27454
48357,Ochiltree,TX,415,405
48359,Oldham,TX,135,133
48361,Orange,TX,7096,6976
48363,Palo Pinto,TX,2031,2023
48365,Panola,TX,1637,1608
48367,Parker,TX,10204,10230
48369,Parmer,TX,341,332
48371,Pecos,TX,783,765
48373,Polk,TX,3901,3861
48375,Potter,TX,6646,6489
48377,Presidio,TX,313,294
48379,Rains,TX,1180,1168
48381,Randall,TX,8122,8040
48383,Reagan,TX,118,117
48385,Real,TX,401,385
48387,Red River,TX,970,958
48389,Reeves,TX,452,446
48391,Refugio,TX,536,524
48393,Roberts,TX,49,48
48395,Robertson,TX,1038,1010
48397,Rockwall,TX,5811,5917
48399,Runnels,TX,822,797
48401,Rusk,TX,3439,3366
48403,Sabine,TX,1267,1236
48405,San Augustine,TX,707,695
48407,San Jacinto,TX,2290,2309
48409,San Patricio,TX,5263,5191
48411,San Saba,TX,393,382
48413,Schleicher,TX,188,189
48415,Scurry,TX,852,836
48417,Shackelford,TX,222,218
48419,Shelby,TX,1517,1490
48421,Sherman,TX,153,146
48423,Smith,TX,14532,14431
48425,Somervell,TX,672,662
48427,Starr,TX,800,779
48429,Stephens,TX,556,543
48431,Sterling,TX,48,49
48433,Stonewall,TX,136,129
48435,Sutton,TX,185,185
48437,Swisher,TX,411,394
48439,Tarrant,TX,121825,120509
48441,Taylor,TX,11732,11928
48443,Terrell,TX,120,116
48445,Terry,TX,492,482
48447,Throckmorton,TX,139,132
48449,Titus,TX,1654,1631
48451,Tom Green,TX,10025,10058
48453,Travis,TX,53204,52449
48455,Trinity,TX,1502,1484
48457,Tyler,TX,1701,1653
48459,Upshur,TX,3074,3033
48461,Upton,TX,161,159
48463,Uvalde,TX,1195,1176
48465,Val Verde,TX,3219,3215
48467,Van Zandt,TX,4115,4094
48469,Victoria,TX,6746,6572
48471,Walker,TX,3782,3724
48473,Waller,TX,2216,2192
48475,Ward,TX,708,699
48477,Washington,TX,2056,2034
48479,Webb,TX,5784,5742
48481,Wharton,TX,2048,1991
48483,Wheeler,TX,288,278
48485,Wichita,TX,11884,11982
48487,Wilbarger,TX,768,755
48489,Willacy,TX,777,766
48491,Williamson,TX,35236,36043
48493,Wilson,TX,4437,4444
48495,Winkler,TX,383,375
48497,Wise,TX,4732,4696
48499,Wood,TX,4403,4364
48501,Yoakum,TX,219,215
48503,Young,TX,1465,1433
48505,Zapata,TX,368,358
48507,Zavala,TX,317,317
49001,Beaver,UT,360,349
49003,Box Elder,UT,2662,2636
49005,Cache,UT,3637,3646
49007,Carbon,UT,1357,1333
49009,Daggett,UT,92,89
49011,Davis,UT,19003,18997
49013,Duchesne,UT,964,951
49015,Emery,UT,426,421
49017,Garfield,UT,375,365
49019,Grand,UT,647,630
49021,Iron,UT,2666,2689
49023,Juab,UT,478,469
49025,Kane,UT,634,617
49027,Millard,UT,627,618
49029,Morgan,UT,563,561
49031,Piute,UT,155,148
49033,Rich,UT,148,142
49035,Salt Lake,UT,45893,44885
49037,San Juan,UT,603,592
49039,Sanpete,UT,1330,1324
49041,Sevier,UT,1446,1406
49043,Summit,UT,1782,1756
49045,Tooele,UT,4041,4064
49047,Uintah,UT,1639,1633
49049,Utah,UT,17204,17218
49051,Wasatch,UT,1056,1050
49053,Washington,UT,10071,9931
49055,Wayne,UT,127,121
49057,Weber,UT,17619,17345
50001,Addison,VT,2365,2299
50003,Bennington,VT,3052,2939
50005,Caledonia,VT,2515,2462
50007,Chittenden,VT,9405,9221
50009,Essex,VT,614,600
50011,Franklin,VT,3677,3647
50013,Grand Isle,VT,562,548
50015,Lamoille,VT,1665,1643
50017,Orange,VT,2307,2259
50019,Orleans,VT,2187,2142
50021,Rutland,VT,4832,4694
50023,Washington,VT,4241,4154
50025,Windham,VT,3211,3096
50027,Windsor,VT,4728,4565
51001,Accomack,VA,3199,3130
51003,Albemarle,VA,8120,7875
51005,Alleghany,VA,1524,1485
51007,Amelia,VA,1153,1137
51009,Amherst,VA,2587,2543
51011,Appomattox,VA,1209,1191
51013,Arlington,VA,13648,13541
51015,Augusta,VA,5619,5528
51017,Bath,VA,442,428
51019,Bedford,VA,6568,6465
51021,Bland,VA,507,496
51023,Botetourt,VA,2894,2841
51025,Brunswick,VA,1137,1125
51027,Buchanan,VA,945,918
51029,Buckingham,VA,1133,1124
51031,Campbell,VA,4788,4684
51033,Caroline,VA,2750,2777
51035,Carroll,VA,2331,2265
51036,Charles City,VA,656,650
51037,Charlotte,VA,883,869
51041,Chesterfield,VA,27374,27471
51043,Clarke,VA,1357,1341
51045,Craig,VA,533,520
51047,Culpeper,VA,4163,4133
51049,Cumberland,VA,735,731
51051,Dickenson,VA,926,905
51053,Dinwiddie,VA,2613,2619
51057,Essex,VA,862,857
51059,Fairfax,VA,76111,74073
51061,Fauquier,VA,6168,6137
51063,Floyd,VA,1334,1299
51065,Fluvanna,VA,2407,2391
51067,Franklin,VA,4480,4408
51069,Frederick,VA,7024,7001
51071,Giles,VA,1493,1467
51073,Gloucester,VA,4596,4589
51075,Goochland,VA,1708,1716
51077,Grayson,VA,1123,1096
51079,Greene,VA,1880,1871
51081,Greensville,VA,740,738
51083,Halifax,VA,2664,2620
51085,Hanover,VA,7630,7571
51087,Henrico,VA,20175,19696
51089,Henry,VA,4149,4033
51091,Highland,VA,218,212
51093,Isle Of Wight,VA,4117,4185
51095,James City,VA,9134,9068
51097,King And Queen,VA,567,567
51099,King George,VA,3078,3140
51101,King William,VA,1291,1296
51103,Lancaster,VA,1247,1205
51105,Lee,VA,1777,1733
51107,Loudoun,VA,20441,20283
51109,Louisa,VA,3311,3307
51111,Lunenburg,VA,1097,1088
51113,Madison,VA,1039,1028
51115,Mathews,VA,1077,1036
51117,Mecklenburg,VA,2825,2789
51119,Middlesex,VA,1174,1155
51121,Montgomery,VA,4603,4509
51125,Nelson,VA,1124,1104
51127,New Kent,VA,1883,1901
51131,Northampton,VA,1184,1154
51133,Northumberland,VA,1462,1431
51135,Nottoway,VA,1146,1139
51137,Orange,VA,3441,3445
51139,Page,VA,1923,1891
51141,Patrick,VA,1388,1358
51143,Pittsylvania,VA,5004,4917
51145,Powhatan,VA,2064,2049
51147,Prince Edward,VA,1590,1573
51149,Prince George,VA,4887,5076
51153,Prince William,VA,42112,42376
51155,Pulaski,VA,2856,2801
51157,Rappahannock,VA,673,664
51159,Richmond,VA,556,546
51161,Roanoke,VA,8225,8076
51163,Rockbridge,VA,1996,1953
51165,Rockingham,VA,4624,4540
51167,Russell,VA,1391,1360
51169,Scott,VA,1511,1476
51171,Shenandoah,VA,3660,3625
51173,Smyth,VA,2348,2299
51175,Southampton,VA,1567,1568
51177,Spotsylvania,VA,14397,14496
51179,Stafford,VA,21091,21484
51181,Surry,VA,668,666
51183,Sussex,VA,831,828
51185,Tazewell,VA,2905,2842
51187,Warren,VA,3521,3498
51191,Washington,VA,4330,4226
51193,Westmoreland,VA,1884,1866
51195,Wise,VA,2629,2582
51197,Wythe,VA,2307,2258
51199,York,VA,9627,9698
51510,Alexandria City,VA,11608,11493
51520,Bristol,VA,1416,1369
51530,Buena Vista City,VA,407,402
51540,Charlottesville City,VA,1892,1868
51550,Chesapeake City,VA,30684,31179
51570,Colonial Heights City,VA,1920,1898
51580,Covington City,VA,462,455
51590,Danville City,VA,3736,3609
51595,Emporia City,VA,371,366
51600,Fairfax City,VA,1760,1708
51610,Falls Church City,VA,770,747
51620,Franklin City,VA,746,742
51630,Fredericksburg City,VA,2103,2144
51640,Galax City,VA,449,434
51650,Hampton City,VA,21570,21812
51660,Harrisonburg City,VA,1542,1521
51670,Hopewell City,VA,2226,2216
51678,Lexington City,VA,247,245
51680,Lynchburg City,VA,4768,4676
51683,Manassas City,VA,2622,2564
51685,Manassas Park City,VA,918,920
51690,Martinsville City,VA,1088,1060
51700,Newport News City,VA,24654,24685
51710,Norfolk City,VA,29484,30328
51720,Norton City,VA,242,236
51730,Petersburg City,VA,3681,3690
51735,Poquoson City,VA,1473,1472
51740,Portsmouth City,VA,11573,11751
51750,Radford City,VA,809,804
51760,Richmond City,VA,12040,11760
51770,Roanoke City,VA,7187,7036
51775,Salem City,VA,2056,2005
51790,Staunton City,VA,1843,1813
51800,Suffolk City,VA,11157,11359
51810,Virginia Beach City,VA,64614,64661
51820,Waynesboro City,VA,1710,1669
51830,Williamsburg City,VA,1060,1043
51840,Winchester City,VA,2015,1939
53001,Adams,WA,600,594
53003,Asotin,WA,2385,2343
53005,Benton,WA,14485,14338
53007,Chelan,WA,5167,5046
53009,Clallam,WA,8986,8853
53011,Clark,WA,36455,35986
53013,Columbia,WA,466,459
53015,Cowlitz,WA,9784,9712
53017,Douglas,WA,3012,2971
53019,Ferry,WA,865,853
53021,Franklin,WA,3617,3616
53023,Garfield,WA,241,231
53025,Grant,WA,5129,5076
53027,Grays Harbor,WA,6703,6621
53029,Island,WA,13277,13455
53031,Jefferson,WA,4085,4006
53033,King,WA,114484,110484
53035,Kitsap,WA,36953,37086
53037,Kittitas,WA,3060,3000
53039,Klickitat,WA,2010,2011
53041,Lewis,WA,8131,8023
53043,Lincoln,WA,1242,1222
53045,Mason,WA,7783,7759
53047,Okanogan,WA,3519,3456
53049,Pacific,WA,2696,2637
53051,Pend Oreille,WA,1635,1606
53053,Pierce,WA,90720,90934
53055,San Juan,WA,1578,1535
53057,Skagit,WA,11284,11073
53059,Skamania,WA,1193,1188
53061,Snohomish,WA,56041,55123
53063,Spokane,WA,45272,44671
53065,Stevens,WA,5253,5173
53067,Thurston,WA,31764,32076
53069,Wahkiakum,WA,474,471
53071,Walla Walla,WA,4733,4600
53073,Whatcom,WA,13994,13785
53075,Whitman,WA,2338,2298
53077,Yakima,WA,13714,13428
54001,Barbour,WV,1373,1333
54003,Berkeley,WV,10617,10664
54005,Boone,WV,1583,1544
54007,Braxton,WV,1290,1260
54009,Brooke,WV,1929,1878
54011,Cabell,WV,7062,6921
54013,Calhoun,WV,622,597
54015,Clay,WV,762,748
54017,Doddridge,WV,643,628
54019,Fayette,WV,3907,3826
54021,Gilmer,WV,542,533
54023,Grant,WV,920,904
54025,Greenbrier,WV,3295,3226
54027,Hampshire,WV,1677,1671
54029,Hancock,WV,2913,2830
54031,Hardy,WV,1168,1151
54033,Harrison,WV,6514,6430
54035,Jackson,WV,2605,2518
54037,Jefferson,WV,4622,4641
54039,Kanawha,WV,14848,14471
54041,Lewis,WV,1424,1396
54043,Lincoln,WV,1364,1327
54045,Logan,WV,2177,2122
54047,McDowell,WV,1257,1221
54049,Marion,WV,4914,4809
54051,Marshall,WV,2682,2602
54053,Mason,WV,2218,2166
54055,Mercer,WV,4887,4803
54057,Mineral,WV,2169,2151
54059,Mingo,WV,1329,1289
54061,Monongalia,WV,5588,5541
54063,Monroe,WV,997,972
54065,Morgan,WV,1605,1588
54067,Nicholas,WV,1969,1942
54069,Ohio,WV,3573,3470
54071,Pendleton,WV,595,607
54073,Pleasants,WV,662,652
54075,Pocahontas,WV,711,695
54077,Preston,WV,2602,2570
54079,Putnam,WV,4860,4793
54081,Raleigh,WV,6657,6550
54083,Randolph,WV,2401,2355
54085,Ritchie,WV,866,852
54087,Roane,WV,1133,1112
54089,Summers,WV,1074,1048
54091,Taylor,WV,1523,1486
54093,Tucker,WV,658,643
54095,Tyler,WV,763,751
54097,Upshur,WV,2093,2058
54099,Wayne,WV,3029,2943
54101,Webster,WV,579,560
54103,Wetzel,WV,1496,1461
54105,Wirt,WV,526,514
54107,Wood,WV,7262,7188
54109,Wyoming,WV,1333,1299
55001,Adams,WI,2375,2317
55003,Ashland,WI,1384,1348
55005,Barron,WI,3738,3658
55007,Bayfield,WI,1582,1547
55009,Brown,WI,16856,16405
55011,Buffalo,WI,1008,983
55013,Burnett,WI,1822,1785
55015,Calumet,WI,2914,2854
55017,Chippewa,WI,4952,4861
55019,Clark,WI,2066,2010
55021,Columbia,WI,4393,4288
55023,Crawford,WI,1298,1262
55025,Dane,WI,25336,24653
55027,Dodge,WI,6055,5901
55029,Door,WI,2451,2352
55031,Douglas,WI,3854,3790
55033,Dunn,WI,2877,2853
55035,Eau Claire,WI,6776,6650
55037,Florence,WI,588,570
55039,Fond Du Lac,WI,7062,6866
55041,Forest,WI,965,935
55043,Grant,WI,3189,3112
55045,Green,WI,2311,2265
55047,Green Lake,WI,1400,1354
55049,Iowa,WI,1581,1542
55051,Iron,WI,698,676
55053,Jackson,WI,1739,1716
55055,Jefferson,WI,6151,6013
55057,Juneau,WI,2431,2398
55059,Kenosha,WI,10600,10457
55061,Kewaunee,WI,1364,1328
55063,La Crosse,WI,7787,7637
55065,Lafayette,WI,984,962
55067,Langlade,WI,1683,1637
55069,Lincoln,WI,2575,2497
55071,Manitowoc,WI,6004,5867
55073,Marathon,WI,9840,9587
55075,Marinette,WI,4612,4474
55077,Marquette,WI,1569,1539
55078,Menominee,WI,299,295
55079,Milwaukee,WI,49381,47582
55081,Monroe,WI,5217,5209
55083,Oconto,WI,3201,3136
55085,Oneida,WI,3749,3637
55087,Outagamie,WI,12248,11979
55089,Ozaukee,WI,5137,4963
55091,Pepin,WI,581,564
55093,Pierce,WI,2529,2485
55095,Polk,WI,3627,3553
55097,Portage,WI,4788,4703
55099,Price,WI,1318,1290
55101,Racine,WI,13143,12794
55103,Richland,WI,1313,1269
55105,Rock,WI,12332,12013
55107,Rusk,WI,1361,1321
55109,Saint Croix,WI,5449,5406
55111,Sauk,WI,4667,4560
55113,Sawyer,WI,1657,1627
55115,Shawano,WI,3312,3233
55117,Sheboygan,WI,7353,7150
55119,Taylor,WI,1471,1435
55121,Trempealeau,WI,1948,1907
55123,Vernon,WI,2142,2100
55125,Vilas,WI,2413,2345
55127,Walworth,WI,6774,6599
55129,Washburn,WI,1669,1635
55131,Washington,WI,8849,8616
55133,Waukesha,WI,22783,22038
55135,Waupaca,WI,4598,4491
55137,Waushara,WI,2228,2184
55139,Winnebago,WI,12735,12448
55141,Wood,WI,6255,6087
56001,Albany,WY,2253,2223
56003,Big Horn,WY,916,900
56005,Campbell,WY,2827,2862
56007,Carbon,WY,1131,1096
56009,Converse,WY,1221,1210
56011,Crook,WY,577,574
56013,Fremont,WY,2886,2852
56015,Goshen,WY,1251,1219
56017,Hot Springs,WY,536,519
56019,Johnson,WY,931,900
56021,Laramie,WY,11612,11861
56023,Lincoln,WY,1002,989
56025,Natrona,WY,6346,6286
56027,Niobrara,WY,249,242
56029,Park,WY,2684,2654
56031,Platte,WY,878,865
56033,Sheridan,WY,2871,2814
56035,Sublette,WY,593,576
56037,Sweetwater,WY,3244,3218
56039,Teton,WY,977,961
56041,Uinta,WY,1269,1255
56043,Washakie,WY,760,734
56045,Weston,WY,670,662
